date,股票代码,open,close,high,low,volume,成交额,振幅,涨跌幅,涨跌额,换手率
2020-01-02,600036,164.76,168.08,169.02,164.72,826245,3191180656.0,2.64,3.12,5.08,0.4
2020-01-03,600036,168.36,170.11,170.98,168.24,520106,2045230272.0,1.63,1.21,2.03,0.25
2020-01-06,600036,169.29,169.49,173.09,168.16,548877,2171575504.0,2.9,-0.36,-0.62,0.27
2020-01-07,600036,170.7,169.14,172.23,168.94,347671,1369304768.0,1.94,-0.21,-0.35,0.17
2020-01-08,600036,168.36,166.24,168.36,166.24,363234,1403861104.0,1.25,-1.71,-2.9,0.18
2020-01-09,600036,167.93,168.16,168.55,166.91,303360,1177003664.0,0.99,1.15,1.92,0.15
2020-01-10,600036,168.16,168.71,169.65,167.57,285931,1116903168.0,1.24,0.33,0.55,0.14
2020-01-13,600036,169.65,168.94,169.65,167.57,327809,1279073024.0,1.23,0.14,0.23,0.16
2020-01-14,600036,169.1,167.81,171.01,167.38,335646,1314430608.0,2.15,-0.67,-1.13,0.16
2020-01-15,600036,167.93,165.11,168.12,164.72,488599,1870048768.0,2.03,-1.61,-2.7,0.24
2020-01-16,600036,165.5,164.48,166.01,163.7,453848,1723277984.0,1.4,-0.38,-0.63,0.22
2020-01-17,600036,164.88,164.37,165.31,163.39,421357,1595789856.0,1.17,-0.07,-0.11,0.2
2020-01-20,600036,165.5,165.85,167.18,164.64,585809,2244268944.0,1.55,0.9,1.48,0.28
2020-01-21,600036,164.45,163.82,165.23,163.47,417202,1580332560.0,1.06,-1.22,-2.03,0.2
2020-01-22,600036,163.47,163.94,165.03,161.32,531255,2000618544.0,2.26,0.07,0.12,0.26
2020-01-23,600036,162.8,159.99,163.47,158.58,787503,2912304576.0,2.98,-2.41,-3.95,0.38
2020-02-03,600036,148.22,153.03,154.86,148.22,1131062,3944795008.0,4.15,-4.35,-6.96,0.55
2020-02-04,600036,153.07,154.28,154.79,151.66,1229677,4313054464.0,2.05,0.82,1.25,0.6
2020-02-05,600036,154.24,154.32,154.9,152.25,802572,2826862592.0,1.72,0.03,0.04,0.39
2020-02-06,600036,154.86,155.84,156.16,153.42,730702,2589474704.0,1.78,0.98,1.52,0.35
2020-02-07,600036,153.3,154.55,154.71,152.95,675525,2374190016.0,1.13,-0.83,-1.29,0.33
2020-02-10,600036,153.42,153.3,153.85,152.71,575042,2016401936.0,0.74,-0.81,-1.25,0.28
2020-02-11,600036,154.08,155.14,156.23,153.5,557436,1983770032.0,1.78,1.2,1.84,0.27
2020-02-12,600036,154.86,155.26,155.49,153.85,405390,1437178000.0,1.06,0.08,0.12,0.2
2020-02-13,600036,154.98,153.97,155.06,153.69,422351,1493775792.0,0.88,-0.83,-1.29,0.2
2020-02-14,600036,153.73,155.41,155.69,153.73,403397,1431806480.0,1.27,0.94,1.44,0.2
2020-02-17,600036,155.37,157.48,157.48,154.4,669425,2396661840.0,1.98,1.33,2.07,0.32
2020-02-18,600036,156.82,155.65,156.82,155.26,516397,1846260240.0,0.99,-1.16,-1.83,0.25
2020-02-19,600036,155.26,154.98,156.39,154.71,419521,1496142160.0,1.08,-0.43,-0.67,0.2
2020-02-20,600036,155.49,156.74,157.02,153.69,746006,2658121248.0,2.15,1.14,1.76,0.36
2020-02-21,600036,156.43,155.41,156.55,154.75,730315,2603112496.0,1.15,-0.85,-1.33,0.35
2020-02-24,600036,154.83,153.11,155.61,153.03,798565,2812039824.0,1.66,-1.48,-2.3,0.39
2020-02-25,600036,152.17,151.46,153.22,150.95,873734,3032212320.0,1.48,-1.08,-1.65,0.42
2020-02-26,600036,150.6,152.25,152.87,149.98,779705,2707591824.0,1.91,0.52,0.79,0.38
2020-02-27,600036,152.09,153.77,154.28,151.74,689379,2422074080.0,1.67,1.0,1.52,0.33
2020-02-28,600036,152.32,149.78,153.61,149.78,835341,2885398352.0,2.49,-2.59,-3.99,0.4
2020-03-02,600036,149.94,151.93,152.44,149.39,704291,2438029168.0,2.04,1.44,2.15,0.34
2020-03-03,600036,152.64,151.42,153.3,150.64,686073,2380418304.0,1.75,-0.34,-0.51,0.33
2020-03-04,600036,151.66,152.05,152.13,150.72,560886,1941800192.0,0.93,0.42,0.63,0.27
2020-03-05,600036,152.87,157.72,158.07,152.13,1355413,4840609024.0,3.91,3.73,5.67,0.66
2020-03-06,600036,156.19,154.51,156.9,154.51,670674,2389764960.0,1.52,-2.04,-3.21,0.33
2020-03-09,600036,152.44,149.7,152.44,149.7,966592,3318066992.0,1.77,-3.11,-4.81,0.47
2020-03-10,600036,149.74,151.66,152.68,149.31,668298,2309858480.0,2.25,1.31,1.96,0.32
2020-03-11,600036,151.97,150.76,152.87,150.6,566551,1965764176.0,1.5,-0.59,-0.9,0.27
2020-03-12,600036,150.45,149.63,151.31,149.08,619180,2118258080.0,1.48,-0.75,-1.13,0.3
2020-03-13,600036,144.31,146.69,147.28,142.74,1140958,3748370240.0,3.03,-1.96,-2.94,0.55
2020-03-16,600036,146.61,139.89,146.61,139.77,1066027,3445337104.0,4.66,-4.64,-6.8,0.52
2020-03-17,600036,139.81,140.12,143.56,137.7,843441,2675433584.0,4.19,0.16,0.23,0.41
2020-03-18,600036,140.71,136.56,142.27,136.33,824317,2604923488.0,4.24,-2.54,-3.56,0.4
2020-03-19,600036,135.24,130.66,135.24,128.31,1559457,4591894272.0,5.07,-4.32,-5.9,0.76
2020-03-20,600036,132.58,137.43,137.7,132.58,1343153,4101898416.0,3.92,5.18,6.77,0.65
2020-03-23,600036,133.4,133.98,135.35,132.89,928971,2804113440.0,1.79,-2.51,-3.45,0.45
2020-03-24,600036,137.86,139.26,139.81,136.53,825359,2585549440.0,2.45,3.94,5.28,0.4
2020-03-25,600036,142.08,143.1,143.84,141.84,809527,2629580320.0,1.44,2.76,3.84,0.39
2020-03-26,600036,141.57,143.99,146.73,141.41,694636,2281461456.0,3.72,0.62,0.89,0.34
2020-03-27,600036,145.56,143.99,146.38,143.06,581775,1911127952.0,2.31,0.0,0.0,0.28
2020-03-30,600036,141.88,143.72,143.99,140.4,477494,1541068112.0,2.49,-0.19,-0.27,0.23
2020-03-31,600036,144.78,142.27,145.01,141.8,377540,1228383296.0,2.23,-1.01,-1.45,0.18
2020-04-01,600036,141.65,141.69,143.72,141.18,358143,1157345792.0,1.79,-0.41,-0.58,0.17
2020-04-02,600036,140.2,142.51,142.51,140.05,289601,929189680.0,1.74,0.58,0.82,0.14
2020-04-03,600036,141.18,141.77,142.43,141.14,251618,808697600.0,0.91,-0.52,-0.74,0.12
2020-04-07,600036,144.46,143.21,144.62,142.74,431844,1406732992.0,1.33,1.02,1.44,0.21
2020-04-08,600036,143.13,142.04,143.13,141.65,318134,1024956352.0,1.03,-0.82,-1.17,0.15
2020-04-09,600036,142.31,142.35,142.55,141.61,286646,924260480.0,0.66,0.22,0.31,0.14
2020-04-10,600036,142.78,141.57,143.37,140.83,437432,1409435232.0,1.78,-0.55,-0.78,0.21
2020-04-13,600036,140.87,140.91,141.96,140.48,230555,737876560.0,1.05,-0.47,-0.66,0.11
2020-04-14,600036,141.88,143.96,143.96,141.49,427079,1386006864.0,1.75,2.16,3.05,0.21
2020-04-15,600036,143.49,142.82,143.64,142.43,237838,771129184.0,0.84,-0.79,-1.14,0.12
2020-04-16,600036,141.96,141.57,142.78,141.02,295000,947452272.0,1.23,-0.88,-1.25,0.14
2020-04-17,600036,142.94,144.54,145.87,142.51,697952,2293965392.0,2.37,2.1,2.97,0.34
2020-04-20,600036,144.66,144.7,145.4,143.33,336024,1104349248.0,1.43,0.11,0.16,0.16
2020-04-21,600036,144.7,143.72,145.25,143.45,328715,1077331040.0,1.24,-0.68,-0.98,0.16
2020-04-22,600036,142.94,144.03,144.11,142.47,279435,910099520.0,1.14,0.22,0.31,0.14
2020-04-23,600036,144.39,143.88,144.93,143.72,246146,807219184.0,0.84,-0.1,-0.15,0.12
2020-04-24,600036,143.99,143.17,143.99,142.78,222598,723766560.0,0.84,-0.49,-0.71,0.11
2020-04-27,600036,144.11,147.36,148.92,143.99,653415,2197523216.0,3.44,2.93,4.19,0.32
2020-04-28,600036,147.44,148.45,148.61,146.26,366511,1234430064.0,1.59,0.74,1.09,0.18
2020-04-29,600036,148.61,152.99,153.3,148.57,658766,2288732960.0,3.19,3.06,4.54,0.32
2020-04-30,600036,153.5,153.26,157.02,153.11,715332,2544804896.0,2.56,0.18,0.27,0.35
2020-05-06,600036,151.07,151.46,152.05,149.7,501736,1731704272.0,1.53,-1.17,-1.8,0.24
2020-05-07,600036,151.35,150.76,151.42,149.2,299485,1028793472.0,1.47,-0.46,-0.7,0.15
2020-05-08,600036,152.01,152.79,153.61,151.15,392155,1371649840.0,1.63,1.35,2.03,0.19
2020-05-11,600036,152.83,152.75,154.79,152.44,295848,1040649472.0,1.54,-0.03,-0.04,0.14
2020-05-12,600036,152.87,151.31,153.07,150.72,349634,1213003376.0,1.54,-0.94,-1.44,0.17
2020-05-13,600036,150.56,151.11,151.66,149.39,279835,961672944.0,1.5,-0.13,-0.2,0.14
2020-05-14,600036,150.52,148.73,150.64,148.22,420630,1430362912.0,1.6,-1.58,-2.38,0.2
2020-05-15,600036,149.74,148.41,150.02,147.83,361928,1226127440.0,1.47,-0.22,-0.32,0.18
2020-05-18,600036,147.51,148.22,150.17,147.08,363701,1233862752.0,2.08,-0.13,-0.19,0.18
2020-05-19,600036,150.56,150.06,150.88,149.23,264304,904985392.0,1.11,1.24,1.84,0.13
2020-05-20,600036,150.06,151.66,153.03,149.39,380518,1313430544.0,2.43,1.07,1.6,0.18
2020-05-21,600036,152.56,151.85,153.61,151.58,362527,1263004928.0,1.34,0.13,0.19,0.18
2020-05-22,600036,150.92,147.55,151.7,147.47,423964,1439086672.0,2.79,-2.83,-4.3,0.21
2020-05-25,600036,148.69,145.44,148.76,144.7,432649,1434823008.0,2.75,-1.43,-2.11,0.21
2020-05-26,600036,146.26,146.77,147.01,145.44,322461,1072932144.0,1.08,0.91,1.33,0.16
2020-05-27,600036,147.32,146.77,148.92,146.03,320833,1077247856.0,1.97,0.0,0.0,0.16
2020-05-28,600036,147.36,149.86,151.74,146.77,693623,2378620608.0,3.39,2.11,3.09,0.34
2020-05-29,600036,148.45,148.3,149.51,147.83,372375,1260905552.0,1.12,-1.04,-1.56,0.18
2020-06-01,600036,149.59,152.21,152.79,149.39,488237,1693982688.0,2.29,2.64,3.91,0.24
2020-06-02,600036,151.15,153.07,153.93,151.11,492957,1726597712.0,1.85,0.57,0.86,0.24
2020-06-03,600036,154.67,153.77,156.82,152.99,610187,2169754928.0,2.5,0.46,0.7,0.3
2020-06-04,600036,154.86,153.5,155.06,153.18,257561,909222192.0,1.22,-0.18,-0.27,0.12
2020-06-05,600036,154.08,153.85,154.75,152.17,327173,1146499648.0,1.68,0.23,0.35,0.16
2020-06-08,600036,155.06,155.53,157.56,154.86,501810,1796585376.0,1.75,1.09,1.68,0.24
2020-06-09,600036,155.3,154.98,155.61,153.93,300931,1067277936.0,1.08,-0.35,-0.55,0.15
2020-06-10,600036,155.41,154.24,155.45,153.61,272731,964770416.0,1.19,-0.48,-0.74,0.13
2020-06-11,600036,153.73,150.84,154.16,150.21,588927,2040709552.0,2.56,-2.2,-3.4,0.29
2020-06-12,600036,148.96,150.95,150.95,147.83,546616,1865053472.0,2.07,0.07,0.11,0.26
2020-06-15,600036,149.16,147.32,149.7,146.89,654343,2209023840.0,1.86,-2.4,-3.63,0.32
2020-06-16,600036,149.0,149.55,149.7,148.26,381631,1298977216.0,0.98,1.51,2.23,0.18
2020-06-17,600036,149.0,149.78,150.21,148.33,306278,1042779920.0,1.26,0.15,0.23,0.15
2020-06-18,600036,148.53,148.57,149.23,145.17,922939,3090987280.0,2.71,-0.81,-1.21,0.45
2020-06-19,600036,148.22,148.45,150.33,147.44,679496,2299545216.0,1.95,-0.08,-0.12,0.33
2020-06-22,600036,147.67,147.04,148.41,146.38,595815,1997593328.0,1.37,-0.95,-1.41,0.29
2020-06-23,600036,146.26,146.46,147.2,145.52,452529,1509296736.0,1.14,-0.39,-0.58,0.22
2020-06-24,600036,147.12,148.61,148.84,147.08,479891,1621575072.0,1.2,1.47,2.15,0.23
2020-06-29,600036,149.66,147.59,150.17,147.01,567297,1915098032.0,2.13,-0.69,-1.02,0.28
2020-06-30,600036,148.41,147.9,148.84,147.59,391568,1322157808.0,0.85,0.21,0.31,0.19
2020-07-01,600036,148.18,152.09,152.13,147.47,799096,2741317360.0,3.15,2.83,4.19,0.39
2020-07-02,600036,151.54,154.08,154.75,150.17,1245178,4347489280.0,3.01,1.31,1.99,0.6
2020-07-03,600036,154.47,159.71,159.79,154.28,1535704,5583630592.0,3.58,3.65,5.63,0.74
2020-07-06,600036,161.43,174.06,174.06,161.43,1874929,7369658880.0,7.91,8.99,14.35,0.91
2020-07-07,600036,179.5,176.61,185.36,174.42,2016338,8389893376.0,6.29,1.47,2.55,0.98
2020-07-08,600036,175.98,174.42,179.77,172.34,1827039,7454256128.0,4.21,-1.24,-2.19,0.89
2020-07-09,600036,174.46,172.11,174.89,170.62,1693236,6759559168.0,2.45,-1.32,-2.31,0.82
2020-07-10,600036,172.11,166.4,173.24,165.62,1528159,5784778240.0,4.43,-3.32,-5.71,0.74
2020-07-13,600036,165.46,166.6,169.33,164.13,1634064,6086294016.0,3.13,0.12,0.2,0.79
2020-07-14,600036,165.7,163.51,167.06,162.41,1310866,4821059840.0,2.79,-1.85,-3.09,0.64
2020-07-15,600036,165.38,160.96,165.5,160.34,1341142,4838521600.0,3.16,-1.56,-2.55,0.65
2020-07-16,600036,161.71,159.95,163.78,159.91,1429523,5153628416.0,2.4,-0.63,-1.01,0.69
2020-07-17,600036,161.0,161.83,162.29,158.81,1169918,4182751216.0,2.18,1.18,1.88,0.57
2020-07-20,600036,161.9,166.48,167.18,160.93,1594157,5884589568.0,3.86,2.87,4.65,0.77
2020-07-21,600036,166.48,164.8,167.14,163.55,831621,3062989296.0,2.16,-1.01,-1.68,0.4
2020-07-22,600036,164.56,163.23,165.81,162.53,998812,3656733632.0,1.99,-0.95,-1.57,0.48
2020-07-23,600036,162.22,159.95,163.12,158.58,1197076,4272039760.0,2.78,-2.01,-3.28,0.58
2020-07-24,600036,159.56,156.04,160.73,154.2,1304194,4555965952.0,4.08,-2.44,-3.91,0.63
2020-07-27,600036,157.37,154.67,157.48,153.73,893469,3062209392.0,2.4,-0.88,-1.37,0.43
2020-07-28,600036,156.27,155.96,157.13,154.51,780351,2693238176.0,1.69,0.83,1.29,0.38
2020-07-29,600036,155.65,157.88,158.97,154.59,969131,3381773120.0,2.81,1.23,1.92,0.47
2020-07-30,600036,157.8,155.88,158.27,155.57,798879,2776830176.0,1.71,-1.27,-2.0,0.39
2020-07-31,600036,156.04,156.82,158.97,155.61,989895,3456763744.0,2.16,0.6,0.94,0.48
2020-08-03,600036,158.38,157.6,159.13,156.74,1021858,3573570192.0,1.52,0.5,0.78,0.5
2020-08-04,600036,158.15,164.17,166.01,157.6,2354404,8524612096.0,5.34,4.17,6.57,1.14
2020-08-05,600036,163.08,162.69,164.09,160.77,1060660,3842397072.0,2.02,-0.9,-1.48,0.51
2020-08-06,600036,163.19,165.5,166.71,162.84,1252429,4621511168.0,2.38,1.73,2.81,0.61
2020-08-07,600036,164.95,163.9,164.95,162.29,897954,3286449488.0,1.61,-0.97,-1.6,0.44
2020-08-10,600036,164.25,165.42,167.03,161.08,1224481,4519789824.0,3.63,0.93,1.52,0.59
2020-08-11,600036,166.01,167.53,172.46,166.01,1736383,6622998528.0,3.9,1.28,2.11,0.84
2020-08-12,600036,168.47,168.51,170.35,165.54,930037,3505241808.0,2.87,0.58,0.98,0.45
2020-08-13,600036,168.75,166.71,170.0,166.67,640487,2413002928.0,1.98,-1.07,-1.8,0.31
2020-08-14,600036,166.71,169.33,169.65,166.44,670657,2530430880.0,1.93,1.57,2.62,0.33
2020-08-17,600036,169.57,173.44,175.32,169.57,1483090,5782809856.0,3.4,2.43,4.11,0.72
2020-08-18,600036,173.24,172.66,173.87,171.41,573661,2225879680.0,1.42,-0.45,-0.78,0.28
2020-08-19,600036,172.62,170.7,173.56,170.7,563937,2185921392.0,1.66,-1.14,-1.96,0.27
2020-08-20,600036,170.15,167.46,170.23,165.93,734408,2759025984.0,2.52,-1.9,-3.24,0.36
2020-08-21,600036,169.33,168.43,169.37,167.22,561254,2115951200.0,1.28,0.58,0.97,0.27
2020-08-24,600036,169.65,167.38,170.55,166.87,620989,2346712064.0,2.18,-0.62,-1.05,0.3
2020-08-25,600036,168.55,167.69,170.11,167.06,545246,2056714032.0,1.82,0.19,0.31,0.26
2020-08-26,600036,168.16,166.32,168.9,165.46,627000,2344833008.0,2.05,-0.82,-1.37,0.3
2020-08-27,600036,166.32,165.03,166.56,163.12,574815,2112135808.0,2.07,-0.78,-1.29,0.28
2020-08-28,600036,164.84,171.09,171.09,163.86,1182942,4472784896.0,4.38,3.67,6.06,0.57
2020-08-31,600036,171.29,168.12,173.24,167.57,1190314,4573760768.0,3.31,-1.74,-2.97,0.58
2020-09-01,600036,167.22,167.06,168.16,165.46,712759,2662847632.0,1.61,-0.63,-1.06,0.35
2020-09-02,600036,167.34,166.2,167.69,164.64,797221,2960833712.0,1.83,-0.51,-0.86,0.39
2020-09-03,600036,165.89,165.34,167.1,164.48,640480,2369898816.0,1.58,-0.52,-0.86,0.31
2020-09-04,600036,163.98,164.64,164.99,162.88,485437,1780424304.0,1.28,-0.42,-0.7,0.24
2020-09-07,600036,164.64,164.6,167.69,164.21,616139,2285992288.0,2.11,-0.02,-0.04,0.3
2020-09-08,600036,166.13,167.73,167.85,165.5,683545,2558811216.0,1.43,1.9,3.13,0.33
2020-09-09,600036,166.48,167.77,169.14,166.05,605433,2276406656.0,1.84,0.02,0.04,0.29
2020-09-10,600036,168.86,168.16,168.98,166.87,550146,2072364496.0,1.26,0.23,0.39,0.27
2020-09-11,600036,168.82,166.36,168.86,165.5,553105,2064258656.0,2.0,-1.07,-1.8,0.27
2020-09-14,600036,166.99,166.79,167.69,165.7,460240,1713839184.0,1.2,0.26,0.43,0.22
2020-09-15,600036,166.44,168.94,169.68,166.32,530805,2003397792.0,2.01,1.29,2.15,0.26
2020-09-16,600036,169.18,169.57,170.51,168.47,478875,1822671344.0,1.21,0.37,0.63,0.23
2020-09-17,600036,169.72,168.82,171.17,168.75,557714,2127941232.0,1.43,-0.44,-0.75,0.27
2020-09-18,600036,168.75,173.2,173.2,168.55,1081692,4177287392.0,2.75,2.59,4.38,0.52
2020-09-21,600036,173.24,171.68,173.75,171.68,501521,1945258032.0,1.2,-0.88,-1.52,0.24
2020-09-22,600036,171.29,168.86,171.68,168.32,583117,2223417616.0,1.96,-1.64,-2.82,0.28
2020-09-23,600036,168.63,167.38,169.53,166.99,430760,1621415680.0,1.5,-0.88,-1.48,0.21
2020-09-24,600036,166.79,165.66,166.79,165.03,540280,2003636080.0,1.05,-1.03,-1.72,0.26
2020-09-25,600036,165.81,166.13,166.99,165.74,352252,1312142064.0,0.75,0.28,0.47,0.17
2020-09-28,600036,166.2,166.4,167.96,165.62,353245,1317478208.0,1.41,0.16,0.27,0.17
2020-09-29,600036,166.79,162.72,167.18,162.57,796689,2920847328.0,2.77,-2.21,-3.68,0.39
2020-09-30,600036,162.69,161.51,163.74,160.73,654661,2365489200.0,1.85,-0.74,-1.21,0.32
2020-10-09,600036,163.08,162.22,164.64,162.02,494724,1799276672.0,1.62,0.44,0.71,0.24
2020-10-12,600036,163.08,167.61,167.96,162.69,998646,3712613344.0,3.25,3.32,5.39,0.48
2020-10-13,600036,167.3,168.51,169.37,165.93,511416,1928053920.0,2.05,0.54,0.9,0.25
2020-10-14,600036,168.55,169.53,169.72,166.95,642940,2431581136.0,1.64,0.61,1.02,0.31
2020-10-15,600036,169.88,173.28,174.14,169.53,1196657,4656771584.0,2.72,2.21,3.75,0.58
2020-10-16,600036,172.89,176.29,177.94,172.77,1105896,4401811712.0,2.98,1.74,3.01,0.54
2020-10-19,600036,178.29,177.11,183.21,176.72,981547,3988837840.0,3.68,0.47,0.82,0.48
2020-10-20,600036,177.15,177.04,178.37,175.98,424368,1697045440.0,1.35,-0.04,-0.07,0.21
2020-10-21,600036,177.39,180.28,180.56,177.11,541856,2193121568.0,1.95,1.83,3.24,0.26
2020-10-22,600036,181.06,181.81,184.97,178.44,644975,2649384832.0,3.62,0.85,1.53,0.31
2020-10-23,600036,180.71,181.92,185.36,180.52,551834,2298420656.0,2.66,0.06,0.11,0.27
2020-10-26,600036,183.64,179.58,183.64,177.47,504540,2050594688.0,3.39,-1.29,-2.34,0.24
2020-10-27,600036,179.58,178.91,182.04,178.44,458832,1867751088.0,2.0,-0.37,-0.67,0.22
2020-10-28,600036,179.62,177.54,181.38,175.63,693557,2787606064.0,3.21,-0.77,-1.37,0.34
2020-10-29,600036,176.18,177.9,180.52,175.86,523070,2105440048.0,2.62,0.2,0.36,0.25
2020-10-30,600036,179.11,176.41,181.65,175.51,438423,1766506304.0,3.45,-0.84,-1.49,0.21
2020-11-02,600036,179.07,178.13,179.89,173.95,516928,2067738928.0,3.37,0.98,1.72,0.25
2020-11-03,600036,179.89,182.0,185.36,179.89,870690,3626910912.0,3.07,2.17,3.87,0.42
2020-11-04,600036,185.44,188.61,189.24,182.55,884501,3754732976.0,3.68,3.63,6.61,0.43
2020-11-05,600036,189.28,188.06,191.66,186.46,680487,2918967536.0,2.76,-0.29,-0.55,0.33
2020-11-06,600036,188.1,186.85,188.3,185.33,463645,1969073120.0,1.58,-0.64,-1.21,0.22
2020-11-09,600036,188.85,189.0,190.72,187.32,497142,2138628752.0,1.82,1.15,2.15,0.24
2020-11-10,600036,191.9,191.7,194.28,190.45,562079,2461059120.0,2.03,1.43,2.7,0.27
2020-11-11,600036,192.79,194.16,194.16,190.88,526970,2322161024.0,1.71,1.28,2.46,0.26
2020-11-12,600036,192.79,191.15,194.52,190.25,471594,2059661760.0,2.2,-1.55,-3.01,0.23
2020-11-13,600036,189.67,187.24,189.67,184.23,544863,2309702720.0,2.85,-2.05,-3.91,0.26
2020-11-16,600036,188.69,188.88,189.28,187.52,389432,1669941872.0,0.94,0.88,1.64,0.19
2020-11-17,600036,188.88,192.17,192.79,188.1,472856,2065231456.0,2.48,1.74,3.29,0.23
2020-11-18,600036,191.23,195.73,196.7,190.49,628202,2797752560.0,3.23,1.85,3.56,0.3
2020-11-19,600036,194.87,196.2,196.7,192.76,477342,2128954048.0,2.01,0.24,0.47,0.23
2020-11-20,600036,195.77,196.9,197.88,194.79,314688,1414292256.0,1.57,0.36,0.7,0.15
2020-11-23,600036,196.9,198.27,198.97,196.0,584621,2647101184.0,1.51,0.7,1.37,0.28
2020-11-24,600036,196.7,196.2,197.88,194.87,399467,1793220432.0,1.52,-1.04,-2.07,0.19
2020-11-25,600036,198.74,194.48,198.93,193.46,378072,1694470960.0,2.79,-0.88,-1.72,0.18
2020-11-26,600036,194.63,197.06,198.19,194.63,351534,1584282512.0,1.83,1.33,2.58,0.17
2020-11-27,600036,198.27,200.03,200.5,195.53,446078,2024963456.0,2.52,1.51,2.97,0.22
2020-11-30,600036,200.03,193.58,207.54,192.91,1153602,5291989504.0,7.31,-3.22,-6.45,0.56
2020-12-01,600036,194.36,201.4,202.77,194.32,780728,3559778624.0,4.37,4.04,7.82,0.38
2020-12-02,600036,200.62,203.74,204.64,197.72,619944,2864114256.0,3.44,1.16,2.34,0.3
2020-12-03,600036,203.55,202.53,204.92,198.66,502376,2317794752.0,3.07,-0.59,-1.21,0.24
2020-12-04,600036,202.45,199.75,202.96,197.13,461155,2099378096.0,2.88,-1.37,-2.78,0.22
2020-12-07,600036,199.44,194.44,199.64,193.19,704825,3138039088.0,3.23,-2.66,-5.31,0.34
2020-12-08,600036,194.32,193.81,195.77,192.79,377167,1671238320.0,1.53,-0.32,-0.63,0.18
2020-12-09,600036,194.24,193.73,196.43,193.65,375195,1672113664.0,1.43,-0.04,-0.08,0.18
2020-12-10,600036,192.95,193.89,195.26,192.01,368874,1630166592.0,1.68,0.08,0.16,0.18
2020-12-11,600036,193.77,187.63,193.85,187.63,771435,3347336208.0,3.21,-3.23,-6.26,0.37
2020-12-14,600036,190.14,194.24,195.38,190.14,607427,2686115504.0,2.79,3.52,6.61,0.29
2020-12-15,600036,194.55,194.16,196.47,190.6,438792,1936658512.0,3.02,-0.04,-0.08,0.21
2020-12-16,600036,195.88,193.03,196.12,192.33,367902,1628021248.0,1.95,-0.58,-1.13,0.18
2020-12-17,600036,192.4,192.99,193.46,190.25,502329,2199570320.0,1.66,-0.02,-0.04,0.24
2020-12-18,600036,193.15,189.28,194.32,188.1,760600,3296589104.0,3.22,-1.92,-3.71,0.37
2020-12-21,600036,189.04,188.45,189.47,186.19,623851,2674269712.0,1.73,-0.44,-0.83,0.3
2020-12-22,600036,188.85,184.62,188.88,184.47,784686,3320101856.0,2.34,-2.03,-3.83,0.38
2020-12-23,600036,183.84,186.23,186.58,183.84,711820,3004166816.0,1.48,0.87,1.61,0.35
2020-12-24,600036,186.34,187.2,189.28,186.23,482110,2055723696.0,1.64,0.52,0.97,0.23
2020-12-25,600036,187.12,187.79,188.49,184.9,476732,2023487312.0,1.92,0.32,0.59,0.23
2020-12-28,600036,187.91,189.04,190.14,185.87,841409,3600599040.0,2.27,0.67,1.25,0.41
2020-12-29,600036,189.9,188.22,190.02,187.52,727148,3118082064.0,1.32,-0.43,-0.82,0.35
2020-12-30,600036,188.38,189.08,189.08,184.58,933496,3963394416.0,2.39,0.46,0.86,0.45
2020-12-31,600036,189.08,192.6,194.16,188.3,891199,3909432880.0,3.1,1.86,3.52,0.43
2021-01-04,600036,189.78,189.55,191.93,185.05,1549523,6608868864.0,3.57,-1.58,-3.05,0.75
2021-01-05,600036,187.95,185.68,188.1,182.78,1387177,5809639168.0,2.81,-2.04,-3.87,0.67
2021-01-06,600036,185.36,193.38,193.58,184.97,1200646,5188622848.0,4.64,4.15,7.7,0.58
2021-01-07,600036,193.93,200.22,200.5,193.81,1078322,4869741056.0,3.46,3.54,6.84,0.52
2021-01-08,600036,201.75,202.96,204.6,199.87,1299595,6021483008.0,2.36,1.37,2.74,0.63
2021-01-11,600036,202.88,210.08,213.01,202.53,1445234,6992740096.0,5.16,3.51,7.12,0.7
2021-01-12,600036,210.59,215.08,216.45,206.72,1044486,5103985920.0,4.63,2.38,5.0,0.51
2021-01-13,600036,213.56,213.91,216.18,211.88,649110,3207741648.0,2.0,-0.54,-1.17,0.31
2021-01-14,600036,213.91,212.54,216.57,210.63,703771,3467710704.0,2.78,-0.64,-1.37,0.34
2021-01-15,600036,218.21,220.71,231.47,218.13,1775745,9232542720.0,6.28,3.84,8.17,0.86
2021-01-18,600036,222.12,223.76,228.3,220.95,1237642,6463924992.0,3.33,1.38,3.05,0.6
2021-01-19,600036,225.25,223.49,228.89,222.08,901880,4710719488.0,3.04,-0.12,-0.27,0.44
2021-01-20,600036,224.47,222.98,228.46,220.13,792281,4123860432.0,3.73,-0.23,-0.51,0.38
2021-01-21,600036,227.87,226.58,229.94,224.66,736715,3886756928.0,2.37,1.61,3.6,0.36
2021-01-22,600036,227.4,222.67,227.4,220.17,870001,4492606208.0,3.19,-1.73,-3.91,0.42
2021-01-25,600036,220.56,224.51,225.88,216.65,865362,4438842624.0,4.15,0.83,1.84,0.42
2021-01-26,600036,224.08,221.73,228.38,220.17,601175,3126374832.0,3.66,-1.24,-2.78,0.29
2021-01-27,600036,222.55,224.08,227.6,222.55,609232,3187049344.0,2.28,1.06,2.35,0.3
2021-01-28,600036,220.17,222.55,223.1,219.38,523870,2684963888.0,1.66,-0.68,-1.53,0.25
2021-01-29,600036,224.78,220.56,225.88,219.42,621489,3211002064.0,2.9,-0.89,-1.99,0.3
2021-02-01,600036,220.17,225.64,227.13,218.13,796626,4125446256.0,4.08,2.3,5.08,0.39
2021-02-02,600036,225.45,223.96,227.2,222.51,720306,3752480880.0,2.08,-0.74,-1.68,0.35
2021-02-03,600036,224.35,228.18,231.9,222.08,765876,4045314784.0,4.38,1.88,4.22,0.37
2021-02-04,600036,227.48,229.94,236.59,226.46,969110,5229905920.0,4.44,0.77,1.76,0.47
2021-02-05,600036,232.13,234.79,239.48,230.72,1151578,6315430656.0,3.81,2.11,4.85,0.56
2021-02-08,600036,236.55,236.82,238.15,230.68,816378,4479792896.0,3.18,0.86,2.03,0.4
2021-02-09,600036,237.29,236.82,237.29,232.87,619005,3393598048.0,1.87,0.0,0.0,0.3
2021-02-10,600036,240.89,234.05,241.28,231.7,753508,4135201072.0,4.05,-1.17,-2.77,0.37
2021-02-18,600036,238.35,238.51,245.97,236.55,1070913,6013345280.0,4.02,1.91,4.46,0.52
2021-02-19,600036,238.35,236.59,242.49,235.34,710182,3948306736.0,3.0,-0.8,-1.92,0.34
2021-02-22,600036,236.86,232.68,238.7,229.39,801511,4368564992.0,3.94,-1.65,-3.91,0.39
2021-02-23,600036,233.03,237.96,242.57,232.68,952991,5306140416.0,4.25,2.27,5.28,0.46
2021-02-24,600036,239.13,230.33,239.13,227.4,844322,4578242304.0,4.93,-3.21,-7.63,0.41
2021-02-25,600036,233.85,233.66,237.76,231.55,886187,4843039232.0,2.7,1.45,3.33,0.43
2021-02-26,600036,230.33,220.56,233.66,219.62,1327289,6911104000.0,6.01,-5.61,-13.1,0.64
2021-03-01,600036,220.6,217.78,221.34,216.37,894184,4510517504.0,2.25,-1.26,-2.78,0.43
2021-03-02,600036,219.62,214.5,219.78,212.38,1007786,5025206784.0,3.4,-1.51,-3.28,0.49
2021-03-03,600036,216.26,227.09,227.91,214.69,1315933,6834019584.0,6.16,5.87,12.59,0.64
2021-03-04,600036,224.82,225.64,231.43,224.08,833039,4396029952.0,3.24,-0.64,-1.45,0.4
2021-03-05,600036,223.69,221.73,225.6,216.69,735196,3762062416.0,3.95,-1.73,-3.91,0.36
2021-03-08,600036,222.47,215.98,224.0,215.08,698138,3534603520.0,4.02,-2.59,-5.75,0.34
2021-03-09,600036,216.33,210.39,220.09,209.14,983222,4876616448.0,5.07,-2.59,-5.59,0.48
2021-03-10,600036,212.38,213.32,216.26,210.59,675910,3327792624.0,2.69,1.39,2.93,0.33
2021-03-11,600036,216.26,223.96,225.05,216.26,904210,4672612608.0,4.12,4.99,10.64,0.44
2021-03-12,600036,225.45,229.24,229.51,224.58,855808,4537887744.0,2.2,2.36,5.28,0.41
2021-03-15,600036,227.91,228.42,234.99,226.58,939319,5037471488.0,3.67,-0.36,-0.82,0.46
2021-03-16,600036,231.51,233.15,236.78,229.94,697163,3799354096.0,2.99,2.07,4.73,0.34
2021-03-17,600036,231.7,229.55,233.15,229.16,532315,2856041088.0,1.71,-1.54,-3.6,0.26
2021-03-18,600036,229.16,232.84,233.07,227.6,482793,2590798832.0,2.38,1.43,3.29,0.23
2021-03-19,600036,231.98,223.14,233.7,222.28,776284,4073645280.0,4.9,-4.17,-9.7,0.38
2021-03-22,600036,224.86,231.04,234.71,224.47,791695,4252611120.0,4.59,3.54,7.9,0.38
2021-03-23,600036,231.47,229.86,233.66,227.28,595923,3187582336.0,2.76,-0.51,-1.18,0.29
2021-03-24,600036,231.74,224.86,231.9,222.59,575013,3013081504.0,4.05,-2.18,-5.0,0.28
2021-03-25,600036,226.66,220.21,227.56,218.45,784538,4014068064.0,4.05,-2.07,-4.65,0.38
2021-03-26,600036,221.93,222.51,223.37,219.11,709475,3643743952.0,1.93,1.04,2.3,0.34
2021-03-29,600036,222.9,219.93,223.29,218.41,779804,3969007328.0,2.19,-1.16,-2.58,0.38
2021-03-30,600036,220.56,222.36,222.36,217.94,569402,2902290112.0,2.01,1.1,2.43,0.28
2021-03-31,600036,222.12,220.56,222.12,216.8,521650,2652348784.0,2.39,-0.81,-1.8,0.25
2021-04-01,600036,220.52,220.36,221.26,218.99,337195,1718217152.0,1.03,-0.09,-0.2,0.16
2021-04-02,600036,220.87,219.97,221.14,218.8,411534,2093013200.0,1.06,-0.18,-0.39,0.2
2021-04-06,600036,220.56,220.13,223.41,219.38,444002,2275875712.0,1.83,0.07,0.16,0.22
2021-04-07,600036,220.75,217.94,220.75,216.33,500610,2520490064.0,2.01,-0.99,-2.19,0.24
2021-04-08,600036,217.04,218.21,218.72,216.45,295011,1486758656.0,1.04,0.12,0.27,0.14
2021-04-09,600036,219.07,217.23,219.07,215.71,315068,1578603904.0,1.54,-0.45,-0.98,0.15
2021-04-12,600036,217.39,218.05,218.8,215.04,414742,2082172000.0,1.73,0.38,0.82,0.2
2021-04-13,600036,218.21,217.51,220.95,216.02,490399,2476556208.0,2.26,-0.25,-0.54,0.24
2021-04-14,600036,218.52,215.08,218.6,213.44,554384,2758186624.0,2.37,-1.12,-2.43,0.27
2021-04-15,600036,215.16,214.07,216.18,209.53,572965,2810517792.0,3.09,-0.47,-1.01,0.28
2021-04-16,600036,215.16,215.24,215.67,212.7,315583,1563464000.0,1.39,0.55,1.17,0.15
2021-04-19,600036,215.87,223.18,223.22,214.3,679321,3476651824.0,4.14,3.69,7.94,0.33
2021-04-20,600036,220.21,224.04,224.82,220.21,355744,1842179456.0,2.07,0.39,0.86,0.17
2021-04-21,600036,224.31,227.56,228.73,224.19,524464,2758929440.0,2.03,1.57,3.52,0.25
2021-04-22,600036,227.56,226.46,229.16,224.74,429271,2255144624.0,1.94,-0.48,-1.1,0.21
2021-04-23,600036,226.81,229.16,229.94,225.29,471049,2495321520.0,2.05,1.19,2.7,0.23
2021-04-26,600036,231.9,224.35,233.85,222.9,916257,4814829568.0,4.78,-2.1,-4.81,0.44
2021-04-27,600036,223.88,224.35,225.76,222.43,363299,1890139552.0,1.48,0.0,0.0,0.18
2021-04-28,600036,224.86,223.14,225.56,222.04,389855,2019590448.0,1.57,-0.54,-1.21,0.19
2021-04-29,600036,224.08,229.08,229.36,221.3,552745,2913105776.0,3.61,2.66,5.94,0.27
2021-04-30,600036,227.2,226.81,228.69,223.33,450688,2370742208.0,2.34,-0.99,-2.27,0.22
2021-05-06,600036,226.81,230.61,233.38,225.95,638353,3432136288.0,3.28,1.68,3.8,0.31
2021-05-07,600036,231.43,232.6,236.59,229.2,723684,3943891328.0,3.2,0.86,1.99,0.35
2021-05-10,600036,232.68,231.51,232.87,228.03,492240,2630309856.0,2.08,-0.47,-1.09,0.24
2021-05-11,600036,229.75,231.27,232.48,229.08,328533,1767435328.0,1.47,-0.1,-0.24,0.16
2021-05-12,600036,231.31,230.68,234.44,228.26,317497,1708649728.0,2.67,-0.26,-0.59,0.15
2021-05-13,600036,229.9,228.77,233.66,227.36,391206,2085332080.0,2.73,-0.83,-1.91,0.19
2021-05-14,600036,229.9,235.73,235.81,227.2,578814,3127193936.0,3.76,3.04,6.96,0.28
2021-05-17,600036,235.81,238.35,241.63,234.44,526684,2933378112.0,3.05,1.11,2.62,0.26
2021-05-18,600036,239.64,239.52,241.24,238.54,293351,1642178928.0,1.13,0.49,1.17,0.14
2021-05-19,600036,239.72,235.03,240.03,233.89,357293,1966656368.0,2.56,-1.87,-4.49,0.17
2021-05-20,600036,236.2,237.65,237.84,233.15,342105,1881019552.0,2.0,1.11,2.62,0.17
2021-05-21,600036,239.21,232.33,239.33,231.12,514865,2800730352.0,3.45,-2.24,-5.32,0.25
2021-05-24,600036,232.68,232.21,234.63,231.0,445399,2409885280.0,1.56,-0.05,-0.12,0.22
2021-05-25,600036,232.64,245.78,246.05,231.62,968502,5452025344.0,6.21,5.84,13.57,0.47
2021-05-26,600036,246.17,249.49,249.73,246.01,613062,3565788672.0,1.51,1.51,3.71,0.3
2021-05-27,600036,247.54,247.34,250.59,242.88,519037,2995138176.0,3.09,-0.86,-2.15,0.25
2021-05-28,600036,247.54,249.49,250.86,246.01,410141,2386900496.0,1.96,0.87,2.15,0.2
2021-05-31,600036,248.36,248.28,248.95,243.63,361657,2089054160.0,2.13,-0.48,-1.21,0.18
2021-06-01,600036,246.37,245.04,246.6,243.24,474268,2713828448.0,1.35,-1.3,-3.24,0.23
2021-06-02,600036,244.61,245.9,246.33,243.16,405820,2323829264.0,1.29,0.35,0.86,0.2
2021-06-03,600036,245.58,240.81,248.83,240.46,490673,2798317520.0,3.4,-2.07,-5.09,0.24
2021-06-04,600036,239.91,245.7,251.14,239.8,608329,3504830224.0,4.71,2.03,4.89,0.29
2021-06-07,600036,244.45,243.63,244.61,241.67,324897,1847968864.0,1.2,-0.84,-2.07,0.16
2021-06-08,600036,243.43,242.45,247.3,239.76,476166,2700887200.0,3.09,-0.48,-1.18,0.23
2021-06-09,600036,242.45,241.56,245.04,240.81,391410,2220254288.0,1.74,-0.37,-0.89,0.19
2021-06-10,600036,241.63,241.09,245.43,240.73,481135,2730021840.0,1.95,-0.19,-0.47,0.23
2021-06-11,600036,241.32,241.01,242.65,236.12,682089,3798816016.0,2.71,-0.03,-0.08,0.33
2021-06-15,600036,239.05,235.03,239.05,232.37,529241,2899483728.0,2.77,-2.48,-5.98,0.26
2021-06-16,600036,235.03,238.15,241.13,233.85,518772,2879681824.0,3.1,1.33,3.12,0.25
2021-06-17,600036,237.84,236.28,239.72,235.26,319019,1765863520.0,1.87,-0.79,-1.87,0.15
2021-06-18,600036,234.83,234.6,238.54,232.17,427117,2337303200.0,2.7,-0.71,-1.68,0.21
2021-06-21,600036,233.07,230.68,234.99,228.46,579716,3119639568.0,2.78,-1.67,-3.92,0.28
2021-06-22,600036,231.35,237.61,238.08,231.35,643592,3544466672.0,2.92,3.0,6.93,0.31
2021-06-23,600036,237.29,235.1,237.65,233.77,408720,2243392896.0,1.63,-1.06,-2.51,0.2
2021-06-24,600036,235.1,235.81,236.2,232.41,363604,1988184928.0,1.61,0.3,0.71,0.18
2021-06-25,600036,235.81,241.28,241.87,234.95,469560,2631903472.0,2.93,2.32,5.47,0.23
2021-06-28,600036,240.5,234.63,240.85,232.01,698825,3825857056.0,3.66,-2.76,-6.65,0.34
2021-06-29,600036,232.68,231.12,235.22,230.72,532449,2878196928.0,1.92,-1.5,-3.51,0.26
2021-06-30,600036,231.51,232.64,233.62,231.35,357304,1935227664.0,0.98,0.66,1.52,0.17
2021-07-01,600036,232.72,239.72,239.72,231.12,652987,3585284672.0,3.7,3.04,7.08,0.32
2021-07-02,600036,235.81,228.18,236.59,226.81,929819,4969147648.0,4.08,-4.81,-11.54,0.45
2021-07-05,600036,227.75,227.75,228.34,222.12,568609,2979267520.0,2.73,-0.19,-0.43,0.28
2021-07-06,600036,227.99,230.1,230.1,225.68,452507,2401387632.0,1.94,1.03,2.35,0.22
2021-07-07,600036,229.16,229.67,231.55,228.03,365978,1956147232.0,1.53,-0.19,-0.43,0.18
2021-07-08,600036,230.96,217.62,230.96,216.26,1554189,7890344960.0,6.4,-5.25,-12.05,0.75
2021-07-09,600036,217.62,215.87,219.81,214.34,827019,4141886768.0,2.51,-0.8,-1.75,0.4
2021-07-12,600036,218.6,217.82,220.71,215.47,839564,4227182160.0,2.43,0.9,1.95,0.41
2021-07-13,600036,219.2,221.04,224.28,216.11,594450,2969602400.0,3.75,1.48,3.22,0.29
2021-07-14,600036,220.37,217.05,220.69,213.02,885514,4295785472.0,3.47,-1.81,-3.99,0.43
2021-07-15,600036,217.25,225.26,226.86,217.13,877273,4426680832.0,4.48,3.78,8.21,0.43
2021-07-16,600036,224.13,225.07,227.41,222.8,462104,2357681008.0,2.05,-0.08,-0.19,0.22
2021-07-19,600036,225.07,224.4,225.85,218.85,469631,2357941872.0,3.11,-0.3,-0.67,0.23
2021-07-20,600036,222.92,220.8,226.98,219.63,446889,2245908480.0,3.28,-1.6,-3.6,0.22
2021-07-21,600036,221.23,219.98,223.38,218.22,506319,2512788208.0,2.34,-0.37,-0.82,0.25
2021-07-22,600036,219.94,222.13,225.46,218.73,592356,2987211472.0,3.06,0.98,2.15,0.29
2021-07-23,600036,222.45,221.35,223.7,219.2,420353,2101810736.0,2.03,-0.35,-0.78,0.2
2021-07-26,600036,219.67,212.16,219.79,211.58,749930,3616845776.0,3.71,-4.15,-9.19,0.36
2021-07-27,600036,211.97,206.18,213.06,204.73,749495,3512047040.0,3.93,-2.82,-5.98,0.36
2021-07-28,600036,206.73,211.26,214.66,206.73,847310,4027574992.0,3.85,2.46,5.08,0.41
2021-07-29,600036,214.12,213.14,214.51,211.38,642745,3083677744.0,1.48,0.89,1.88,0.31
2021-07-30,600036,212.36,207.47,212.55,205.94,591959,2760620848.0,3.1,-2.66,-5.67,0.29
2021-08-02,600036,208.64,212.2,214.2,202.43,836147,3925085952.0,5.67,2.28,4.73,0.41
2021-08-03,600036,211.77,211.73,213.73,209.23,518758,2456399184.0,2.12,-0.22,-0.47,0.25
2021-08-04,600036,211.69,209.42,213.14,208.64,511500,2410938960.0,2.13,-1.09,-2.31,0.25
2021-08-05,600036,208.17,208.45,210.6,205.87,442303,2070051632.0,2.26,-0.46,-0.97,0.21
2021-08-06,600036,207.35,211.73,212.55,205.91,507558,2392067824.0,3.19,1.57,3.28,0.25
2021-08-09,600036,211.69,217.48,221.16,211.69,730430,3599567200.0,4.47,2.72,5.75,0.35
2021-08-10,600036,217.56,221.98,223.23,215.52,663575,3291349072.0,3.55,2.07,4.5,0.32
2021-08-11,600036,221.98,224.67,228.08,221.16,568555,2905233232.0,3.12,1.21,2.69,0.28
2021-08-12,600036,223.89,223.81,227.02,222.76,397182,2021030384.0,1.9,-0.38,-0.86,0.19
2021-08-13,600036,223.93,225.77,226.43,222.37,467405,2379825408.0,1.81,0.88,1.96,0.23
2021-08-16,600036,225.85,224.56,226.0,219.2,744140,3770118256.0,3.01,-0.54,-1.21,0.36
2021-08-17,600036,224.56,219.67,226.63,219.28,603232,3044300928.0,3.27,-2.18,-4.89,0.29
2021-08-18,600036,221.12,233.43,235.12,220.84,1231242,6434458368.0,6.5,6.26,13.76,0.6
2021-08-19,600036,232.1,227.33,233.28,226.47,676301,3515991216.0,2.92,-2.61,-6.1,0.33
2021-08-20,600036,227.96,225.18,231.2,220.76,693765,3537372064.0,4.59,-0.95,-2.15,0.34
2021-08-23,600036,226.94,228.55,232.38,225.89,539017,2806624176.0,2.88,1.5,3.37,0.26
2021-08-24,600036,229.05,229.76,232.3,225.1,528277,2748379136.0,3.15,0.53,1.21,0.26
2021-08-25,600036,231.24,226.75,231.75,225.89,407381,2107816704.0,2.55,-1.31,-3.01,0.2
2021-08-26,600036,228.7,219.59,228.7,219.12,763035,3825334080.0,4.22,-3.16,-7.16,0.37
2021-08-27,600036,219.98,222.52,224.36,219.2,386142,1942863648.0,2.35,1.33,2.93,0.19
2021-08-30,600036,222.52,215.09,222.52,211.81,1079682,5224229632.0,4.81,-3.34,-7.43,0.52
2021-08-31,600036,215.09,217.09,219.0,212.75,710440,3451030096.0,2.91,0.93,2.0,0.34
2021-09-01,600036,216.78,224.24,224.87,215.68,826055,4129767776.0,4.23,3.29,7.15,0.4
2021-09-02,600036,223.85,227.41,228.51,222.33,726201,3729206240.0,2.76,1.41,3.17,0.35
2021-09-03,600036,227.8,228.98,230.27,222.76,642573,3321589088.0,3.3,0.69,1.57,0.31
2021-09-06,600036,227.06,225.85,231.91,225.77,547428,2830673168.0,2.68,-1.37,-3.13,0.27
2021-09-07,600036,226.2,232.14,233.2,222.92,772320,4026086400.0,4.55,2.79,6.29,0.37
2021-09-08,600036,231.79,230.58,235.04,229.99,553907,2921088032.0,2.18,-0.67,-1.56,0.27
2021-09-09,600036,229.37,229.37,231.64,227.72,357800,1863278528.0,1.7,-0.52,-1.21,0.17
2021-09-10,600036,228.98,237.27,238.83,228.0,1070978,5766878208.0,4.72,3.44,7.9,0.52
2021-09-13,600036,235.51,236.48,238.75,234.84,592830,3202583504.0,1.65,-0.33,-0.79,0.29
2021-09-14,600036,237.97,229.37,240.28,228.19,631166,3336827184.0,5.11,-3.01,-7.11,0.31
2021-09-15,600036,228.98,226.63,230.89,224.28,542338,2799380272.0,2.88,-1.19,-2.74,0.26
2021-09-16,600036,225.97,223.89,228.31,221.98,629896,3193865168.0,2.79,-1.21,-2.74,0.31
2021-09-17,600036,224.21,226.04,227.18,223.11,420165,2143690288.0,1.82,0.96,2.15,0.2
2021-09-22,600036,215.99,218.85,221.08,213.73,1122596,5492053760.0,3.25,-3.18,-7.19,0.54
2021-09-23,600036,219.2,216.62,223.23,215.72,861025,4246316976.0,3.43,-1.02,-2.23,0.42
2021-09-24,600036,215.09,216.35,218.54,214.9,532039,2596408384.0,1.68,-0.12,-0.27,0.26
2021-09-27,600036,214.47,217.6,220.37,214.16,667905,3265832144.0,2.87,0.58,1.25,0.32
2021-09-28,600036,217.64,222.8,224.99,217.6,709925,3562616336.0,3.4,2.39,5.2,0.34
2021-09-29,600036,220.96,227.26,229.64,219.63,904610,4619317504.0,4.49,2.0,4.46,0.44
2021-09-30,600036,226.63,222.92,226.75,221.55,586118,2960621632.0,2.29,-1.91,-4.34,0.28
2021-10-08,600036,221.23,224.79,225.38,221.23,645553,3266919264.0,1.86,0.84,1.87,0.31
2021-10-11,600036,226.79,232.89,237.5,226.79,971779,5171368960.0,4.76,3.6,8.1,0.47
2021-10-12,600036,231.71,233.24,235.98,230.15,589373,3129716160.0,2.5,0.15,0.35,0.29
2021-10-13,600036,232.69,233.0,234.45,229.17,442557,2335530448.0,2.26,-0.1,-0.24,0.21
2021-10-14,600036,232.85,230.38,233.86,229.76,288996,1518009840.0,1.76,-1.12,-2.62,0.14
2021-10-15,600036,230.74,234.1,234.61,230.34,420358,2230147904.0,1.85,1.61,3.72,0.2
2021-10-18,600036,234.1,228.43,234.25,227.22,577945,3008070368.0,3.0,-2.42,-5.67,0.28
2021-10-19,600036,229.95,232.42,234.14,228.98,481693,2545616000.0,2.26,1.75,3.99,0.23
2021-10-20,600036,233.71,230.54,235.39,230.07,305710,1612336032.0,2.29,-0.81,-1.88,0.15
2021-10-21,600036,232.3,235.82,236.8,231.32,576587,3084324272.0,2.38,2.29,5.28,0.28
2021-10-22,600036,237.15,237.93,239.92,235.74,547151,2967094160.0,1.77,0.89,2.11,0.27
2021-10-25,600036,236.13,239.1,240.43,233.28,623341,3376970800.0,3.01,0.49,1.17,0.3
2021-10-26,600036,239.1,241.88,245.52,237.97,715424,3961794944.0,3.16,1.16,2.78,0.35
2021-10-27,600036,241.49,238.83,241.49,236.13,420394,2287323392.0,2.22,-1.26,-3.05,0.2
2021-10-28,600036,237.97,237.66,240.71,236.21,346232,1883008800.0,1.88,-0.49,-1.17,0.17
2021-10-29,600036,237.66,236.68,239.73,235.62,405439,2197661120.0,1.73,-0.41,-0.98,0.2
2021-11-01,600036,236.8,237.27,240.32,234.06,425018,2300857408.0,2.64,0.25,0.59,0.21
2021-11-02,600036,238.17,229.95,238.71,227.69,752206,3957181520.0,4.64,-3.09,-7.32,0.36
2021-11-03,600036,230.34,227.8,230.89,227.69,444372,2312474224.0,1.39,-0.93,-2.15,0.22
2021-11-04,600036,228.98,228.0,229.37,226.16,482915,2492815504.0,1.41,0.09,0.2,0.23
2021-11-05,600036,227.88,227.26,229.41,226.71,361974,1871325312.0,1.18,-0.32,-0.74,0.18
2021-11-08,600036,226.32,226.24,228.59,224.28,386749,1984383360.0,1.9,-0.45,-1.02,0.19
2021-11-09,600036,226.63,225.3,227.8,223.5,387884,1979827712.0,1.9,-0.42,-0.94,0.19
2021-11-10,600036,225.3,223.62,225.65,221.31,558071,2812533072.0,1.93,-0.75,-1.68,0.27
2021-11-11,600036,223.31,232.18,232.38,222.95,849732,4430680064.0,4.22,3.83,8.56,0.41
2021-11-12,600036,232.18,230.54,233.59,229.95,343597,1807134400.0,1.57,-0.71,-1.64,0.17
2021-11-15,600036,232.07,232.61,235.27,230.42,366950,1941710240.0,2.1,0.9,2.07,0.18
2021-11-16,600036,232.5,230.93,234.37,229.6,322315,1699581536.0,2.05,-0.72,-1.68,0.16
2021-11-17,600036,229.84,228.35,232.22,228.23,339386,1768981456.0,1.73,-1.12,-2.58,0.16
2021-11-18,600036,228.19,226.67,228.98,225.07,342443,1762554160.0,1.71,-0.74,-1.68,0.17
2021-11-19,600036,226.94,230.27,231.87,225.5,464668,2419758608.0,2.81,1.59,3.6,0.23
2021-11-22,600036,229.37,227.76,230.31,227.37,376538,1952025760.0,1.28,-1.09,-2.51,0.18
2021-11-23,600036,228.0,228.0,230.15,226.79,389149,2014132976.0,1.48,0.11,0.24,0.19
2021-11-24,600036,227.37,227.96,228.59,225.73,315040,1622099216.0,1.25,-0.02,-0.04,0.15
2021-11-25,600036,227.8,226.71,227.8,226.0,215660,1107928512.0,0.79,-0.55,-1.25,0.1
2021-11-26,600036,225.85,221.55,226.83,220.69,823357,4141774912.0,2.71,-2.28,-5.16,0.4
2021-11-29,600036,220.3,220.45,221.55,216.54,827247,4081227200.0,2.26,-0.5,-1.1,0.4
2021-11-30,600036,219.12,219.16,220.57,216.89,610043,3008854128.0,1.67,-0.59,-1.29,0.3
2021-12-01,600036,219.12,221.12,221.94,218.34,500361,2498326160.0,1.64,0.89,1.96,0.24
2021-12-02,600036,221.19,224.64,225.07,219.16,556070,2814606848.0,2.67,1.59,3.52,0.27
2021-12-03,600036,225.34,226.04,226.16,222.99,494076,2518566496.0,1.41,0.62,1.4,0.24
2021-12-06,600036,226.98,228.27,230.54,226.36,604716,3140183376.0,1.85,0.99,2.23,0.29
2021-12-07,600036,230.11,228.35,231.24,225.46,540774,2797815008.0,2.53,0.04,0.08,0.26
2021-12-08,600036,228.9,229.13,230.07,226.63,490975,2543266832.0,1.51,0.34,0.78,0.24
2021-12-09,600036,229.95,233.39,236.17,228.19,840557,4454333952.0,3.48,1.86,4.26,0.41
2021-12-10,600036,232.5,234.8,234.8,231.64,564263,2996780160.0,1.35,0.6,1.41,0.27
2021-12-13,600036,235.08,230.62,237.58,230.58,645546,3432179792.0,2.98,-1.78,-4.18,0.31
2021-12-14,600036,230.23,225.65,230.93,224.48,810629,4165403552.0,2.8,-2.16,-4.97,0.39
2021-12-15,600036,225.07,225.07,226.4,224.21,378493,1929195600.0,0.97,-0.26,-0.58,0.18
2021-12-16,600036,224.71,225.85,226.24,223.54,383653,1957514896.0,1.2,0.35,0.78,0.19
2021-12-17,600036,225.42,224.17,226.63,223.74,476449,2422698272.0,1.28,-0.74,-1.68,0.23
2021-12-20,600036,223.89,223.85,226.24,222.68,470826,2394420816.0,1.59,-0.14,-0.32,0.23
2021-12-21,600036,223.7,223.62,225.03,222.33,356944,1808288480.0,1.21,-0.1,-0.23,0.17
2021-12-22,600036,223.62,221.19,224.09,220.69,436828,2189842096.0,1.52,-1.09,-2.43,0.21
2021-12-23,600036,221.59,222.02,222.17,219.9,423709,2115301008.0,1.03,0.38,0.83,0.21
2021-12-24,600036,222.02,220.61,222.02,220.53,344651,1721265872.0,0.67,-0.64,-1.41,0.17
2021-12-27,600036,220.65,218.54,221.39,217.25,735943,3634240464.0,1.88,-0.94,-2.07,0.36
2021-12-28,600036,218.54,219.71,220.37,218.03,653221,3237655248.0,1.07,0.54,1.17,0.32
2021-12-29,600036,219.87,211.85,220.06,211.81,1438903,6964711680.0,3.75,-3.58,-7.86,0.7
2021-12-30,600036,212.9,215.29,216.39,212.01,967917,4682208000.0,2.07,1.62,3.44,0.47
2021-12-31,600036,215.45,216.11,216.78,214.63,492935,2399746928.0,1.0,0.38,0.82,0.24
2022-01-04,600036,216.11,214.7,216.11,211.42,719606,3452352176.0,2.17,-0.65,-1.41,0.35
2022-01-05,600036,215.25,217.44,219.9,214.9,837174,4114524304.0,2.33,1.28,2.74,0.41
2022-01-06,600036,216.54,213.92,218.77,213.73,681867,3299825728.0,2.32,-1.62,-3.52,0.33
2022-01-07,600036,213.88,217.44,217.79,213.49,660737,3219523408.0,2.01,1.65,3.52,0.32
2022-01-10,600036,219.08,218.14,221.16,216.89,570936,2818145072.0,1.96,0.32,0.7,0.28
2022-01-11,600036,219.16,220.57,221.55,216.82,715617,3558651504.0,2.17,1.11,2.43,0.35
2022-01-12,600036,220.65,220.22,221.55,217.99,518411,2574764176.0,1.61,-0.16,-0.35,0.25
2022-01-13,600036,220.57,218.57,221.35,217.71,401408,1989903360.0,1.65,-0.75,-1.65,0.19
2022-01-14,600036,219.08,213.41,219.08,213.34,666571,3218203408.0,2.63,-2.36,-5.16,0.32
2022-01-17,600036,214.78,215.6,216.66,212.9,531808,2574842944.0,1.76,1.03,2.19,0.26
2022-01-18,600036,215.88,217.28,218.57,214.43,579077,2835126320.0,1.92,0.78,1.68,0.28
2022-01-19,600036,219.08,219.98,221.08,217.68,620280,3078947648.0,1.56,1.24,2.7,0.3
2022-01-20,600036,220.69,226.51,228.55,220.69,1386249,7089347840.0,3.57,2.97,6.53,0.67
2022-01-21,600036,226.59,228.27,228.98,225.89,858081,4439219200.0,1.36,0.78,1.76,0.42
2022-01-24,600036,228.78,228.39,228.98,225.18,638155,3288272320.0,1.66,0.05,0.12,0.31
2022-01-25,600036,227.22,224.67,228.15,223.89,583513,2987207424.0,1.87,-1.63,-3.72,0.28
2022-01-26,600036,226.04,225.07,226.98,223.5,436696,2226767104.0,1.55,0.18,0.4,0.21
2022-01-27,600036,224.67,224.17,225.77,221.62,529401,2687973696.0,1.84,-0.4,-0.9,0.26
2022-01-28,600036,225.26,218.07,225.85,217.83,715144,3576839776.0,3.58,-2.72,-6.1,0.35
2022-02-07,600036,222.33,226.43,227.02,221.66,732349,3741572656.0,2.46,3.83,8.36,0.36
2022-02-08,600036,227.22,227.84,228.98,225.03,528242,2724121504.0,1.74,0.62,1.41,0.26
2022-02-09,600036,228.59,227.49,230.31,226.16,512207,2651984752.0,1.82,-0.15,-0.35,0.25
2022-02-10,600036,228.59,227.84,228.59,225.07,335542,1725040528.0,1.55,0.15,0.35,0.16
2022-02-11,600036,228.27,231.95,232.89,227.61,809933,4267478080.0,2.32,1.8,4.11,0.39
2022-02-14,600036,232.85,225.85,232.85,225.07,594052,3060509968.0,3.35,-2.63,-6.1,0.29
2022-02-15,600036,224.87,222.02,226.55,220.96,566179,2851170336.0,2.48,-1.7,-3.83,0.27
2022-02-16,600036,223.35,225.34,226.47,222.05,404956,2065162800.0,1.99,1.5,3.32,0.2
2022-02-17,600036,226.12,226.86,228.9,224.75,441570,2281127840.0,1.84,0.67,1.52,0.21
2022-02-18,600036,226.04,229.21,229.41,226.04,354390,1837821808.0,1.49,1.04,2.35,0.17
2022-02-21,600036,228.31,228.04,228.55,225.1,313451,1610843088.0,1.51,-0.51,-1.17,0.15
2022-02-22,600036,225.38,225.93,226.43,224.05,369840,1887326608.0,1.04,-0.93,-2.11,0.18
2022-02-23,600036,226.86,224.4,226.86,223.7,375000,1905978112.0,1.4,-0.68,-1.53,0.18
2022-02-24,600036,223.31,221.23,223.42,220.57,482381,2418202032.0,1.27,-1.41,-3.17,0.23
2022-02-25,600036,221.31,220.41,223.11,219.4,451841,2256854496.0,1.68,-0.37,-0.82,0.22
2022-02-28,600036,219.55,220.37,220.92,218.46,335290,1662895008.0,1.12,-0.02,-0.04,0.16
2022-03-01,600036,221.16,222.09,223.11,218.65,406454,2027737712.0,2.02,0.78,1.72,0.2
2022-03-02,600036,220.37,219.08,222.05,218.97,397076,1972076240.0,1.39,-1.36,-3.01,0.19
2022-03-03,600036,219.51,220.1,221.04,219.0,311290,1546031520.0,0.93,0.47,1.02,0.15
2022-03-04,600036,218.22,216.07,218.77,215.29,577897,2818733872.0,1.58,-1.83,-4.03,0.28
2022-03-07,600036,213.37,208.49,214.35,207.47,1014354,4773665792.0,3.18,-3.51,-7.58,0.49
2022-03-08,600036,207.7,203.48,208.53,202.39,834665,3842685600.0,2.94,-2.4,-5.01,0.4
2022-03-09,600036,203.95,199.22,204.46,193.82,900431,4012104656.0,5.23,-2.09,-4.26,0.44
2022-03-10,600036,203.95,200.43,204.34,200.16,671496,3031093296.0,2.1,0.61,1.21,0.33
2022-03-11,600036,199.65,199.45,200.78,194.17,740525,3252533328.0,3.3,-0.49,-0.98,0.36
2022-03-14,600036,195.74,190.46,197.62,190.26,1080466,4627178752.0,3.69,-4.51,-8.99,0.52
2022-03-15,600036,188.35,179.9,188.35,178.85,1313092,5293255424.0,4.99,-5.54,-10.56,0.64
2022-03-16,600036,182.29,192.14,193.0,181.7,1377449,5685452800.0,6.28,6.8,12.24,0.67
2022-03-17,600036,198.28,199.69,202.27,196.4,1319648,5873750272.0,3.06,3.93,7.55,0.64
2022-03-18,600036,200.04,206.18,206.18,197.77,923585,4173209904.0,4.21,3.25,6.49,0.45
2022-03-21,600036,205.08,200.86,205.08,200.04,791032,3566893328.0,2.44,-2.58,-5.32,0.38
2022-03-22,600036,201.76,203.68,204.97,200.9,549038,2497185120.0,2.03,1.4,2.82,0.27
2022-03-23,600036,204.3,204.58,205.4,202.78,469960,2148515088.0,1.29,0.44,0.9,0.23
2022-03-24,600036,203.95,204.62,205.87,203.01,380332,1742027088.0,1.4,0.02,0.04,0.18
2022-03-25,600036,204.38,202.31,205.32,201.6,318259,1445681952.0,1.82,-1.13,-2.31,0.15
2022-03-28,600036,200.98,201.8,203.56,198.67,386459,1736237600.0,2.42,-0.25,-0.51,0.19
2022-03-29,600036,202.19,201.64,203.75,201.25,349621,1580213152.0,1.24,-0.08,-0.16,0.17
2022-03-30,600036,203.01,206.41,206.69,202.97,520723,2389901328.0,1.84,2.37,4.77,0.25
2022-03-31,600036,205.48,208.64,209.89,204.81,615885,2878948592.0,2.46,1.08,2.23,0.3
2022-04-01,600036,207.43,209.82,211.26,206.61,476139,2233625280.0,2.23,0.57,1.18,0.23
2022-04-06,600036,207.08,210.95,212.28,207.0,478269,2260412704.0,2.52,0.54,1.13,0.23
2022-04-07,600036,210.79,208.88,211.73,207.78,377201,1776370368.0,1.87,-0.98,-2.07,0.18
2022-04-08,600036,208.25,210.13,210.13,207.86,364235,1711753072.0,1.09,0.6,1.25,0.18
2022-04-11,600036,208.29,205.12,208.92,203.91,492612,2263984288.0,2.38,-2.38,-5.01,0.24
2022-04-12,600036,206.3,204.34,207.31,202.03,588840,2691571024.0,2.57,-0.38,-0.78,0.29
2022-04-13,600036,204.34,204.54,205.91,202.82,448223,2054724464.0,1.51,0.1,0.2,0.22
2022-04-14,600036,205.55,204.58,207.2,204.54,326613,1503135696.0,1.3,0.02,0.04,0.16
2022-04-15,600036,204.34,208.76,209.42,203.52,423159,1962144160.0,2.88,2.04,4.18,0.21
2022-04-18,600036,205.36,195.31,205.36,192.92,2366775,10320718080.0,5.96,-6.44,-13.45,1.15
2022-04-19,600036,189.87,190.26,192.81,187.53,2504770,10505571072.0,2.7,-2.59,-5.05,1.21
2022-04-20,600036,189.09,186.35,189.8,185.57,1318269,5440590592.0,2.22,-2.06,-3.91,0.64
2022-04-21,600036,184.79,187.06,190.26,184.4,1143501,4747987968.0,3.14,0.38,0.71,0.55
2022-04-22,600036,184.63,191.83,193.67,184.59,1195340,5041291264.0,4.85,2.55,4.77,0.58
2022-04-25,600036,183.54,177.48,185.77,177.05,2368745,9367537920.0,4.55,-7.48,-14.35,1.15
2022-04-26,600036,177.6,175.84,178.77,172.67,1454719,5605383168.0,3.44,-0.92,-1.64,0.71
2022-04-27,600036,173.57,174.39,176.7,172.71,1546208,5867256832.0,2.27,-0.82,-1.45,0.75
2022-04-28,600036,174.47,180.57,182.37,174.04,1564523,6124749824.0,4.78,3.54,6.18,0.76
2022-04-29,600036,178.53,181.78,182.87,177.05,1236929,4884561408.0,3.22,0.67,1.21,0.6
2022-05-05,600036,180.72,179.16,182.76,178.22,944251,3712525680.0,2.5,-1.44,-2.62,0.46
2022-05-06,600036,176.97,173.88,177.17,173.84,889455,3392746144.0,1.86,-2.95,-5.28,0.43
2022-05-09,600036,173.45,168.25,173.53,167.0,1252406,4603133952.0,3.76,-3.24,-5.63,0.61
2022-05-10,600036,166.33,170.24,170.95,163.52,1217637,4424738816.0,4.42,1.18,1.99,0.59
2022-05-11,600036,169.66,171.14,172.51,168.76,872399,3245600400.0,2.2,0.53,0.9,0.42
2022-05-12,600036,169.54,168.8,170.56,168.09,630023,2309969904.0,1.44,-1.37,-2.34,0.31
2022-05-13,600036,170.24,170.91,172.67,169.93,701301,2610117536.0,1.62,1.25,2.11,0.34
2022-05-16,600036,170.83,169.89,170.83,168.13,644742,2373534400.0,1.58,-0.6,-1.02,0.31
2022-05-17,600036,171.73,176.58,176.7,171.73,1183954,4517008384.0,2.93,3.94,6.69,0.57
2022-05-18,600036,178.14,176.19,178.46,173.84,887755,3406772016.0,2.62,-0.22,-0.39,0.43
2022-05-19,600036,173.8,174.35,175.21,172.36,542011,2054604080.0,1.62,-1.04,-1.84,0.26
2022-05-20,600036,177.17,181.9,182.76,177.17,1338872,5296502528.0,3.21,4.33,7.55,0.65
2022-05-23,600036,181.94,180.06,182.25,179.9,618088,2449773568.0,1.29,-1.01,-1.84,0.3
2022-05-24,600036,180.49,177.75,181.39,177.52,687430,2695176608.0,2.15,-1.28,-2.31,0.33
2022-05-25,600036,178.06,177.28,178.53,176.74,489025,1897867056.0,1.01,-0.26,-0.47,0.24
2022-05-26,600036,178.14,175.91,178.14,174.55,615430,2361966480.0,2.03,-0.77,-1.37,0.3
2022-05-27,600036,177.75,178.61,179.75,177.09,608396,2382330336.0,1.51,1.53,2.7,0.29
2022-05-30,600036,180.1,178.42,180.1,177.32,471537,1841958560.0,1.56,-0.11,-0.19,0.23
2022-05-31,600036,178.34,180.84,181.08,177.36,645404,2550654576.0,2.08,1.36,2.42,0.31
2022-06-01,600036,180.88,180.84,180.88,179.2,433834,1714345936.0,0.93,0.0,0.0,0.21
2022-06-02,600036,179.32,177.83,179.82,177.13,547281,2129924528.0,1.49,-1.66,-3.01,0.27
2022-06-06,600036,177.56,178.03,178.26,174.62,698703,2692557424.0,2.05,0.11,0.2,0.34
2022-06-07,600036,177.99,179.51,180.1,176.85,622726,2441620704.0,1.83,0.83,1.48,0.3
2022-06-08,600036,179.55,180.22,180.49,178.22,596931,2345955712.0,1.26,0.4,0.71,0.29
2022-06-09,600036,180.1,183.19,184.4,179.75,908607,3656593728.0,2.58,1.65,2.97,0.44
2022-06-10,600036,181.7,182.52,182.68,180.1,795394,3166842608.0,1.41,-0.37,-0.67,0.39
2022-06-13,600036,180.33,176.46,180.33,175.56,971312,3770847472.0,2.61,-3.32,-6.06,0.47
2022-06-14,600036,175.01,179.08,179.32,174.66,598362,2314895040.0,2.64,1.48,2.62,0.29
2022-06-15,600036,178.89,183.93,186.35,178.89,1394895,5639026176.0,4.17,2.71,4.85,0.68
2022-06-16,600036,185.49,181.9,185.89,181.9,636883,2567652080.0,2.17,-1.1,-2.03,0.31
2022-06-17,600036,181.43,181.47,182.72,179.2,550731,2188790576.0,1.94,-0.24,-0.43,0.27
2022-06-20,600036,181.62,180.88,182.44,179.71,614206,2440349616.0,1.5,-0.33,-0.59,0.3
2022-06-21,600036,181.04,183.34,184.59,179.9,583914,2351462256.0,2.59,1.36,2.46,0.28
2022-06-22,600036,183.62,179.35,183.89,179.32,730712,2896990432.0,2.49,-2.18,-3.99,0.35
2022-06-23,600036,179.39,182.6,182.87,179.39,616030,2459925120.0,1.94,1.81,3.25,0.3
2022-06-24,600036,183.11,182.84,184.36,180.72,639950,2559336624.0,1.99,0.13,0.24,0.31
2022-06-27,600036,183.34,186.94,187.37,182.64,893408,3664489440.0,2.59,2.24,4.1,0.43
2022-06-28,600036,186.35,187.06,187.61,185.57,499164,2054696480.0,1.09,0.06,0.12,0.24
2022-06-29,600036,187.02,186.0,188.74,185.92,622804,2571017808.0,1.51,-0.57,-1.06,0.3
2022-06-30,600036,186.12,190.66,192.61,185.81,832628,3502837232.0,3.66,2.51,4.66,0.4
2022-07-01,600036,191.36,187.45,191.36,186.78,695748,2888674480.0,2.4,-1.68,-3.21,0.34
2022-07-04,600036,187.06,186.16,187.41,185.18,486918,2000021776.0,1.19,-0.69,-1.29,0.24
2022-07-05,600036,187.76,185.89,188.58,185.02,534538,2198036080.0,1.91,-0.15,-0.27,0.26
2022-07-06,600036,185.81,181.27,186.32,180.49,885266,3542584704.0,3.14,-2.49,-4.62,0.43
2022-07-07,600036,181.27,181.08,182.72,180.29,508129,2024650560.0,1.34,-0.1,-0.19,0.25
2022-07-08,600036,182.84,181.31,182.91,180.61,480361,1912947040.0,1.27,0.13,0.23,0.23
2022-07-11,600036,180.41,179.86,180.84,178.92,403755,1589869328.0,1.06,-0.8,-1.45,0.2
2022-07-12,600036,179.55,179.32,181.27,178.26,580630,2285703404.0,1.67,-0.3,-0.54,0.28
2022-07-13,600036,178.42,173.84,179.12,173.02,1410831,5383917613.0,3.4,-3.06,-5.48,0.68
2022-07-14,600036,170.99,168.29,171.07,164.46,2325234,8431357290.0,3.8,-3.19,-5.55,1.13
2022-07-15,600036,168.84,167.94,172.21,167.91,1382452,4872775479.0,2.56,-0.21,-0.35,0.67
2022-07-18,600036,169.04,170.92,171.74,168.49,903080,3202227202.0,1.94,1.77,2.98,0.44
2022-07-19,600036,170.41,171.23,171.78,169.24,537814,1910448534.0,1.49,0.18,0.31,0.26
2022-07-20,600036,172.13,171.78,172.83,171.23,469689,1685116916.0,0.93,0.32,0.55,0.23
2022-07-21,600036,170.56,170.25,171.7,169.9,466241,1656137612.0,1.05,-0.89,-1.53,0.23
2022-07-22,600036,170.6,170.76,172.56,169.43,510333,1817477340.0,1.84,0.3,0.51,0.25
2022-07-25,600036,169.94,171.78,172.29,169.31,404649,1447583000.0,1.75,0.6,1.02,0.2
2022-07-26,600036,171.78,173.65,173.73,171.54,456285,1651632360.0,1.27,1.09,1.87,0.22
2022-07-27,600036,173.26,172.56,173.73,172.01,442471,1597140637.0,0.99,-0.63,-1.09,0.21
2022-07-28,600036,172.75,171.5,173.73,171.39,570668,2054633516.0,1.36,-0.61,-1.06,0.28
2022-07-29,600036,171.7,168.73,173.07,168.49,649706,2299974527.0,2.67,-1.62,-2.77,0.31
2022-08-01,600036,168.41,166.58,168.49,166.3,705883,2445426274.0,1.3,-1.27,-2.15,0.34
2022-08-02,600036,165.32,164.19,165.36,161.92,811608,2741206158.0,2.07,-1.43,-2.39,0.39
2022-08-03,600036,164.15,160.87,166.46,160.44,1003206,3341394264.0,3.67,-2.02,-3.32,0.49
2022-08-04,600036,161.92,163.21,163.37,161.53,593073,1986094524.0,1.14,1.45,2.34,0.29
2022-08-05,600036,163.8,165.72,165.87,163.06,488719,1660667569.0,1.72,1.54,2.51,0.24
2022-08-08,600036,165.29,164.19,166.46,163.06,572112,1942979975.0,2.05,-0.92,-1.53,0.28
2022-08-09,600036,164.35,162.98,164.35,162.2,498671,1675279850.0,1.31,-0.74,-1.21,0.24
2022-08-10,600036,162.82,161.22,163.37,160.75,529605,1758806053.0,1.61,-1.08,-1.76,0.26
2022-08-11,600036,162.43,165.95,166.11,161.34,826688,2799671312.0,2.96,2.93,4.73,0.4
2022-08-12,600036,165.17,165.99,166.26,164.66,402001,1377797391.0,0.96,0.02,0.04,0.19
2022-08-15,600036,164.93,163.49,165.83,162.71,459181,1554089642.0,1.88,-1.51,-2.5,0.22
2022-08-16,600036,164.0,164.19,165.99,163.57,479155,1629408747.0,1.48,0.43,0.7,0.23
2022-08-17,600036,164.54,165.48,165.83,162.74,453955,1545822426.0,1.88,0.79,1.29,0.22
2022-08-18,600036,165.05,163.45,165.21,162.35,507344,1709182803.0,1.73,-1.23,-2.03,0.25
2022-08-19,600036,162.51,163.96,165.13,162.43,428450,1455096383.0,1.65,0.31,0.51,0.21
2022-08-22,600036,162.74,163.06,165.01,162.59,525635,1773361292.0,1.48,-0.55,-0.9,0.25
2022-08-23,600036,162.94,161.02,162.98,160.71,539657,1791825378.0,1.39,-1.25,-2.04,0.26
2022-08-24,600036,161.18,160.01,162.35,159.85,589659,1950217427.0,1.55,-0.63,-1.01,0.29
2022-08-25,600036,160.24,163.33,163.64,159.03,650739,2161568446.0,2.88,2.07,3.32,0.32
2022-08-26,600036,163.37,163.37,164.7,161.92,549683,1852196046.0,1.7,0.02,0.04,0.27
2022-08-29,600036,161.84,161.73,163.84,161.06,389014,1293596316.0,1.7,-1.0,-1.64,0.19
2022-08-30,600036,161.06,163.72,164.03,160.95,590877,1983189091.0,1.9,1.23,1.99,0.29
2022-08-31,600036,162.74,168.65,169.39,162.47,1665451,5773783194.0,4.23,3.01,4.93,0.81
2022-09-01,600036,167.91,166.5,168.61,166.46,607421,2109230456.0,1.27,-1.27,-2.15,0.29
2022-09-02,600036,166.89,165.79,168.06,165.01,476635,1638046863.0,1.83,-0.43,-0.71,0.23
2022-09-05,600036,165.52,165.44,166.07,162.82,467372,1585571171.0,1.96,-0.21,-0.35,0.23
2022-09-06,600036,165.79,163.06,167.48,162.59,877561,2969378343.0,2.96,-1.44,-2.38,0.43
2022-09-07,600036,162.0,162.12,162.51,160.87,625220,2077538980.0,1.01,-0.58,-0.94,0.3
2022-09-08,600036,162.08,161.81,162.71,161.61,416672,1390770603.0,0.68,-0.19,-0.31,0.2
2022-09-09,600036,162.39,166.5,167.51,162.12,1351666,4636864234.0,3.33,2.9,4.69,0.66
2022-09-13,600036,166.3,169.82,170.99,165.68,1438611,5071277448.0,3.19,1.99,3.32,0.7
2022-09-14,600036,168.06,167.91,169.63,167.32,560786,1960637593.0,1.36,-1.12,-1.91,0.27
2022-09-15,600036,169.04,172.4,172.6,169.04,1340950,4805992201.0,2.12,2.67,4.49,0.65
2022-09-16,600036,171.15,168.26,172.36,168.14,865161,3050978941.0,2.45,-2.4,-4.14,0.42
2022-09-19,600036,168.02,168.81,169.7,167.48,449981,1578116277.0,1.32,0.33,0.55,0.22
2022-09-20,600036,168.84,166.65,169.2,165.91,504346,1745868528.0,1.95,-1.28,-2.16,0.24
2022-09-21,600036,166.3,166.15,167.98,164.0,530389,1821095332.0,2.39,-0.3,-0.5,0.26
2022-09-22,600036,164.54,165.21,165.52,164.19,385146,1310807203.0,0.8,-0.57,-0.94,0.19
2022-09-23,600036,164.54,165.95,167.12,164.54,366437,1258753251.0,1.56,0.45,0.74,0.18
2022-09-26,600036,164.62,164.35,166.58,163.92,525491,1789545993.0,1.6,-0.96,-1.6,0.25
2022-09-27,600036,164.11,164.15,164.74,162.35,475414,1604082625.0,1.45,-0.12,-0.2,0.23
2022-09-28,600036,163.72,163.25,164.54,162.27,487299,1642543374.0,1.38,-0.55,-0.9,0.24
2022-09-29,600036,164.5,161.22,165.79,160.63,617859,2073148613.0,3.16,-1.24,-2.03,0.3
2022-09-30,600036,161.65,163.17,164.35,161.1,539717,1816711650.0,2.02,1.21,1.95,0.26
2022-10-10,600036,160.59,155.94,160.98,153.79,1277991,4068516527.0,4.41,-4.43,-7.23,0.62
2022-10-11,600036,155.9,154.38,157.0,154.02,618664,1953843165.0,1.91,-1.0,-1.56,0.3
2022-10-12,600036,153.79,152.62,153.99,149.1,1173700,3590021718.0,3.17,-1.14,-1.76,0.57
2022-10-13,600036,150.74,148.47,151.09,147.73,1350381,4045377680.0,2.2,-2.72,-4.15,0.65
2022-10-14,600036,150.07,153.12,153.67,149.29,1269197,3911873392.0,2.95,3.13,4.65,0.62
2022-10-17,600036,151.64,152.89,153.52,151.01,646310,1997396404.0,1.64,-0.15,-0.23,0.31
2022-10-18,600036,153.99,152.03,154.3,151.64,562814,1739815953.0,1.74,-0.56,-0.86,0.27
2022-10-19,600036,151.72,149.92,153.09,149.72,528275,1614469066.0,2.22,-1.39,-2.11,0.26
2022-10-20,600036,148.9,149.18,150.66,148.43,551154,1657020702.0,1.49,-0.49,-0.74,0.27
2022-10-21,600036,149.49,147.26,149.96,146.95,728711,2171956543.0,2.02,-1.29,-1.92,0.35
2022-10-24,600036,146.52,141.16,146.91,141.08,1451458,4134436262.0,3.96,-4.14,-6.1,0.7
2022-10-25,600036,141.16,141.82,142.92,140.34,860282,2418347973.0,1.83,0.47,0.66,0.42
2022-10-26,600036,141.0,140.81,142.33,140.14,754022,2113201163.0,1.54,-0.71,-1.01,0.37
2022-10-27,600036,141.86,140.85,142.8,140.69,762866,2145320724.0,1.5,0.03,0.04,0.37
2022-10-28,600036,139.52,137.87,141.08,137.13,949464,2601030856.0,2.8,-2.12,-2.98,0.46
2022-10-31,600036,136.78,136.47,137.68,134.43,953033,2553633471.0,2.36,-1.02,-1.4,0.46
2022-11-01,600036,137.56,141.82,142.06,137.21,1059019,2937217653.0,3.55,3.92,5.35,0.51
2022-11-02,600036,141.71,142.72,143.82,140.49,728361,2060238785.0,2.35,0.63,0.9,0.35
2022-11-03,600036,142.45,141.28,142.57,140.61,501722,1410971285.0,1.37,-1.01,-1.44,0.24
2022-11-04,600036,141.28,145.3,145.97,141.04,926830,2676989831.0,3.49,2.85,4.02,0.45
2022-11-07,600036,144.21,145.62,146.67,143.51,545380,1585520854.0,2.17,0.22,0.32,0.26
2022-11-08,600036,145.77,145.58,146.48,144.76,439782,1281125722.0,1.18,-0.03,-0.04,0.21
2022-11-09,600036,145.58,145.7,147.14,144.99,463060,1353976618.0,1.48,0.08,0.12,0.22
2022-11-10,600036,144.99,145.73,146.16,144.09,400046,1163044393.0,1.42,0.02,0.03,0.19
2022-11-11,600036,149.29,153.75,155.94,147.77,1688717,5192860256.0,5.61,5.5,8.02,0.82
2022-11-14,600036,158.68,161.18,163.33,158.01,2049685,6818027855.0,3.46,4.83,7.43,0.99
2022-11-15,600036,161.22,161.73,163.88,159.66,913305,3043238573.0,2.62,0.34,0.55,0.44
2022-11-16,600036,161.65,162.12,162.51,160.09,614594,2043574641.0,1.5,0.24,0.39,0.3
2022-11-17,600036,161.81,157.93,161.81,156.72,1037152,3358356944.0,3.14,-2.58,-4.19,0.5
2022-11-18,600036,157.86,157.0,159.38,156.06,562732,1805184083.0,2.1,-0.59,-0.93,0.27
2022-11-21,600036,155.16,156.21,156.61,153.01,479104,1512009170.0,2.29,-0.5,-0.79,0.23
2022-11-22,600036,157.0,158.48,160.16,155.94,654167,2120960840.0,2.7,1.45,2.27,0.32
2022-11-23,600036,158.01,157.58,160.44,157.31,577644,1878620068.0,1.98,-0.57,-0.9,0.28
2022-11-24,600036,159.07,157.58,160.12,157.04,406301,1314257028.0,1.95,0.0,0.0,0.2
2022-11-25,600036,157.54,160.71,161.49,157.43,830122,2729700885.0,2.58,1.99,3.13,0.4
2022-11-28,600036,157.11,156.57,157.15,154.57,809377,2566010758.0,1.61,-2.58,-4.14,0.39
2022-11-29,600036,159.81,167.91,168.1,159.66,1753187,5977811958.0,5.39,7.24,11.34,0.85
2022-11-30,600036,165.83,168.3,170.17,165.32,873325,3048012198.0,2.89,0.23,0.39,0.42
2022-12-01,600036,171.97,168.45,174.32,167.87,831397,2948536902.0,3.83,0.09,0.15,0.4
2022-12-02,600036,168.45,166.07,168.45,165.17,598462,2055897652.0,1.95,-1.41,-2.38,0.29
2022-12-05,600036,168.34,172.75,172.75,166.93,1050604,3735713567.0,3.5,4.02,6.68,0.51
2022-12-06,600036,172.01,171.78,172.29,170.1,651104,2322429385.0,1.27,-0.56,-0.97,0.32
2022-12-07,600036,171.58,169.7,172.17,169.63,564606,2005014219.0,1.48,-1.21,-2.08,0.27
2022-12-08,600036,169.43,170.21,171.46,169.08,443552,1574334290.0,1.4,0.3,0.51,0.22
2022-12-09,600036,171.58,175.3,176.0,170.92,958163,3491269582.0,2.98,2.99,5.09,0.46
2022-12-12,600036,173.97,171.54,174.71,171.11,606262,2186064378.0,2.05,-2.14,-3.76,0.29
2022-12-13,600036,171.31,172.91,173.38,170.84,382904,1379130447.0,1.48,0.8,1.37,0.19
2022-12-14,600036,172.91,175.92,176.43,172.44,644362,2361876160.0,2.31,1.74,3.01,0.31
2022-12-15,600036,174.79,173.65,176.12,173.22,403403,1470344983.0,1.65,-1.29,-2.27,0.2
2022-12-16,600036,173.54,176.63,177.06,173.54,607820,2242781163.0,2.03,1.72,2.98,0.29
2022-12-19,600036,176.66,174.32,177.6,173.34,547843,2014825882.0,2.41,-1.31,-2.31,0.27
2022-12-20,600036,173.3,171.27,174.51,169.63,702911,2518741582.0,2.8,-1.75,-3.05,0.34
2022-12-21,600036,172.32,172.17,173.26,171.23,330498,1188825669.0,1.19,0.53,0.9,0.16
2022-12-22,600036,174.44,174.32,175.69,173.34,359715,1312827354.0,1.36,1.25,2.15,0.17
2022-12-23,600036,173.5,173.81,175.49,172.95,330584,1204442484.0,1.46,-0.29,-0.51,0.16
2022-12-26,600036,173.73,172.17,175.49,171.93,360474,1309281788.0,2.05,-0.94,-1.64,0.17
2022-12-27,600036,174.12,174.98,176.2,173.65,367907,1350814519.0,1.48,1.63,2.81,0.18
2022-12-28,600036,174.98,177.56,178.31,174.63,528860,1970716248.0,2.1,1.47,2.58,0.26
2022-12-29,600036,175.88,177.17,177.52,174.91,513629,1902491092.0,1.47,-0.22,-0.39,0.25
2022-12-30,600036,177.6,177.29,178.74,177.02,523228,1959907428.0,0.97,0.07,0.12,0.25
2023-01-03,600036,176.59,178.54,179.32,174.44,606266,2255334391.0,2.75,0.71,1.25,0.29
2023-01-04,600036,179.32,182.73,183.43,178.35,836454,3207024324.0,2.85,2.35,4.19,0.41
2023-01-05,600036,184.06,182.14,185.15,181.75,619085,2398823818.0,1.86,-0.32,-0.59,0.3
2023-01-06,600036,182.76,181.67,183.82,179.75,590007,2255711424.0,2.23,-0.26,-0.47,0.29
2023-01-09,600036,181.79,183.31,184.49,181.79,499149,1937276819.0,1.49,0.9,1.64,0.24
2023-01-10,600036,183.23,181.16,183.31,180.81,541972,2078031131.0,1.36,-1.17,-2.15,0.26
2023-01-11,600036,181.67,183.78,184.8,180.73,541707,2107076772.0,2.25,1.45,2.62,0.26
2023-01-12,600036,184.52,184.29,184.68,183.04,304349,1185494431.0,0.89,0.28,0.51,0.15
2023-01-13,600036,184.37,186.67,186.67,183.98,463767,1825772733.0,1.46,1.29,2.38,0.22
2023-01-16,600036,188.0,189.84,192.46,187.22,880469,3569434000.0,2.81,1.7,3.17,0.43
2023-01-17,600036,189.76,190.66,191.68,189.1,432047,1752751493.0,1.36,0.43,0.82,0.21
2023-01-18,600036,190.55,189.49,191.72,188.9,294675,1191075289.0,1.48,-0.61,-1.17,0.14
2023-01-19,600036,188.79,190.55,191.13,187.69,472490,1910434244.0,1.82,0.56,1.06,0.23
2023-01-20,600036,191.84,192.11,192.31,190.66,413403,1692997050.0,0.87,0.82,1.56,0.2
2023-01-30,600036,197.98,195.94,198.29,195.24,1007007,4255796700.0,1.59,1.99,3.83,0.49
2023-01-31,600036,197.19,192.74,197.19,192.74,642312,2677248182.0,2.27,-1.63,-3.2,0.31
2023-02-01,600036,194.42,190.12,194.61,187.81,916791,3709963959.0,3.53,-1.36,-2.62,0.44
2023-02-02,600036,190.74,188.12,190.94,186.24,727233,2898996931.0,2.47,-1.05,-2.0,0.35
2023-02-03,600036,187.18,185.27,187.18,184.13,638164,2506324574.0,1.62,-1.51,-2.85,0.31
2023-02-06,600036,183.0,181.55,183.08,179.71,731001,2790029317.0,1.82,-2.01,-3.72,0.35
2023-02-07,600036,182.14,181.79,183.86,180.81,426571,1643882586.0,1.68,0.13,0.24,0.21
2023-02-08,600036,182.14,182.1,183.78,181.59,317065,1222704068.0,1.2,0.17,0.31,0.15
2023-02-09,600036,181.83,182.1,183.66,181.44,498175,1920854681.0,1.22,0.0,0.0,0.24
2023-02-10,600036,181.36,180.81,181.71,179.79,411026,1567982948.0,1.05,-0.71,-1.29,0.2
2023-02-13,600036,179.79,179.09,180.11,176.55,825181,3095654450.0,1.97,-0.95,-1.72,0.4
2023-02-14,600036,179.32,180.18,180.42,178.27,486077,1836814072.0,1.2,0.61,1.09,0.24
2023-02-15,600036,180.18,176.94,180.54,176.27,771048,2872782991.0,2.37,-1.8,-3.24,0.37
2023-02-16,600036,177.06,177.33,179.6,176.35,654152,2453427441.0,1.84,0.22,0.39,0.32
2023-02-17,600036,176.86,175.14,177.76,175.02,575813,2130963531.0,1.55,-1.23,-2.19,0.28
2023-02-20,600036,175.57,182.1,182.18,175.57,1080228,4089276990.0,3.77,3.97,6.96,0.52
2023-02-21,600036,181.87,182.88,183.39,180.69,530465,2043801362.0,1.48,0.43,0.78,0.26
2023-02-22,600036,181.98,180.81,182.53,180.73,383091,1467027311.0,0.98,-1.13,-2.07,0.19
2023-02-23,600036,180.81,181.24,183.19,180.81,370638,1423074975.0,1.32,0.24,0.43,0.18
2023-02-24,600036,180.85,178.07,181.16,177.84,533690,2011474600.0,1.83,-1.75,-3.17,0.26
2023-02-27,600036,177.33,176.9,178.54,176.63,449334,1674343230.0,1.07,-0.66,-1.17,0.22
2023-02-28,600036,176.94,177.49,178.15,175.69,378226,1405386500.0,1.39,0.33,0.59,0.18
2023-03-01,600036,177.25,181.16,181.51,177.06,571194,2169732585.0,2.51,2.07,3.67,0.28
2023-03-02,600036,180.34,181.16,182.14,179.28,349070,1332878911.0,1.58,0.0,0.0,0.17
2023-03-03,600036,182.14,181.16,183.19,179.79,357114,1365470222.0,1.88,0.0,0.0,0.17
2023-03-06,600036,180.26,176.27,181.08,175.92,810519,3015166370.0,2.85,-2.7,-4.89,0.39
2023-03-07,600036,175.84,174.55,178.15,173.97,737411,2722185234.0,2.37,-0.98,-1.72,0.36
2023-03-08,600036,173.34,172.36,173.61,171.58,616584,2216886862.0,1.16,-1.25,-2.19,0.3
2023-03-09,600036,172.36,170.72,172.68,170.41,539996,1928666141.0,1.32,-0.95,-1.64,0.26
2023-03-10,600036,168.65,168.57,171.03,168.26,558454,1963698972.0,1.62,-1.26,-2.15,0.27
2023-03-13,600036,168.14,168.65,169.94,167.32,584205,2046110685.0,1.55,0.05,0.08,0.28
2023-03-14,600036,167.2,166.81,168.18,165.87,626668,2168927834.0,1.37,-1.09,-1.84,0.3
2023-03-15,600036,169.04,167.98,171.23,167.98,676384,2380639264.0,1.95,0.7,1.17,0.33
2023-03-16,600036,166.5,167.08,169.04,165.36,403895,1401995822.0,2.19,-0.54,-0.9,0.2
2023-03-17,600036,168.53,165.95,169.9,164.62,832716,2893458533.0,3.16,-0.68,-1.13,0.4
2023-03-20,600036,166.26,165.01,168.1,164.62,520725,1790157157.0,2.1,-0.57,-0.94,0.25
2023-03-21,600036,165.36,165.44,166.5,164.58,367475,1256872360.0,1.16,0.26,0.43,0.18
2023-03-22,600036,166.58,166.65,167.4,165.64,459867,1587045184.0,1.06,0.73,1.21,0.22
2023-03-23,600036,166.11,169.24,169.78,165.79,542146,1890730123.0,2.39,1.55,2.59,0.26
2023-03-24,600036,168.37,166.22,168.37,165.44,678718,2342134999.0,1.73,-1.78,-3.02,0.33
2023-03-27,600036,166.89,165.36,166.89,164.74,449836,1538661024.0,1.29,-0.52,-0.86,0.22
2023-03-28,600036,166.15,166.11,167.36,165.25,533234,1834470874.0,1.28,0.45,0.75,0.26
2023-03-29,600036,166.93,165.01,167.28,164.93,418630,1433206733.0,1.41,-0.66,-1.1,0.2
2023-03-30,600036,165.13,165.91,166.07,163.41,562290,1915822304.0,1.61,0.55,0.9,0.27
2023-03-31,600036,165.95,165.6,167.75,165.09,577794,1993103479.0,1.6,-0.19,-0.31,0.28
2023-04-03,600036,165.76,165.99,166.3,164.46,504675,1727952628.0,1.11,0.24,0.39,0.24
2023-04-04,600036,166.03,165.64,166.19,164.78,487821,1668757196.0,0.85,-0.21,-0.35,0.24
2023-04-06,600036,165.21,163.76,165.21,163.49,486796,1650684312.0,1.04,-1.13,-1.88,0.24
2023-04-07,600036,163.96,165.09,165.56,163.57,394141,1343439511.0,1.22,0.81,1.33,0.19
2023-04-10,600036,165.13,165.48,165.72,164.43,330159,1128256665.0,0.78,0.24,0.39,0.16
2023-04-11,600036,165.48,163.49,165.87,163.1,733992,2485887912.0,1.67,-1.2,-1.99,0.36
2023-04-12,600036,164.11,163.53,164.35,163.21,416128,1403968679.0,0.7,0.02,0.04,0.2
2023-04-13,600036,163.17,164.58,165.48,161.61,634305,2142100175.0,2.37,0.64,1.05,0.31
2023-04-14,600036,165.32,166.07,167.63,164.62,693923,2387857214.0,1.83,0.91,1.49,0.34
2023-04-17,600036,165.79,169.24,169.24,164.93,893730,3107511587.0,2.6,1.91,3.17,0.43
2023-04-18,600036,169.27,171.11,173.73,168.92,942715,3375509116.0,2.84,1.1,1.87,0.46
2023-04-19,600036,171.74,170.41,171.74,169.63,510886,1815680622.0,1.23,-0.41,-0.7,0.25
2023-04-20,600036,170.8,168.41,171.35,167.91,680915,2393722845.0,2.02,-1.17,-2.0,0.33
2023-04-21,600036,168.41,166.5,169.16,166.22,531591,1849378443.0,1.75,-1.13,-1.91,0.26
2023-04-24,600036,166.58,162.98,167.24,162.63,729874,2474101753.0,2.77,-2.11,-3.52,0.35
2023-04-25,600036,163.02,164.66,165.09,162.63,512213,1731551113.0,1.51,1.03,1.68,0.25
2023-04-26,600036,163.76,163.84,164.39,162.0,496501,1673601450.0,1.45,-0.5,-0.82,0.24
2023-04-27,600036,160.52,159.19,160.59,157.27,1559279,5072330698.0,2.03,-2.84,-4.65,0.76
2023-04-28,600036,158.52,162.98,163.57,158.33,940213,3136764115.0,3.29,2.38,3.79,0.46
2023-05-04,600036,161.77,165.05,166.11,159.97,725433,2457318979.0,3.77,1.27,2.07,0.35
2023-05-05,600036,165.25,167.24,168.69,165.13,800890,2785096474.0,2.16,1.33,2.19,0.39
2023-05-08,600036,167.91,170.8,172.17,167.05,1064266,3773892300.0,3.06,2.13,3.56,0.52
2023-05-09,600036,171.11,168.41,172.75,168.3,985530,3503564878.0,2.61,-1.4,-2.39,0.48
2023-05-10,600036,168.06,166.11,168.92,165.68,638374,2203715637.0,1.92,-1.37,-2.3,0.31
2023-05-11,600036,166.89,166.3,169.74,166.11,445803,1547837683.0,2.19,0.11,0.19,0.22
2023-05-12,600036,166.38,164.7,166.69,164.54,459366,1569062497.0,1.29,-0.96,-1.6,0.22
2023-05-15,600036,164.89,167.28,167.87,163.41,528095,1811811263.0,2.71,1.57,2.58,0.26
2023-05-16,600036,168.26,167.75,169.24,166.77,385248,1341479236.0,1.48,0.28,0.47,0.19
2023-05-17,600036,167.71,166.5,168.96,166.22,396376,1380094248.0,1.63,-0.75,-1.25,0.19
2023-05-18,600036,167.4,166.3,167.83,165.36,329012,1137523121.0,1.48,-0.12,-0.2,0.16
2023-05-19,600036,165.91,164.35,166.3,164.31,392990,1339332375.0,1.2,-1.17,-1.95,0.19
2023-05-22,600036,164.46,165.32,165.87,164.46,296934,1014463033.0,0.86,0.59,0.97,0.14
2023-05-23,600036,165.36,162.98,166.03,162.98,346921,1177389441.0,1.84,-1.42,-2.34,0.17
2023-05-24,600036,162.94,160.36,162.94,160.36,463999,1541649339.0,1.58,-1.61,-2.62,0.22
2023-05-25,600036,159.69,158.36,159.69,157.35,706051,2286618239.0,1.46,-1.25,-2.0,0.34
2023-05-26,600036,158.44,159.62,160.09,157.58,294624,958855792.0,1.58,0.8,1.26,0.14
2023-05-29,600036,160.44,159.42,160.44,158.44,387301,1263259965.0,1.25,-0.13,-0.2,0.19
2023-05-30,600036,159.42,159.22,160.24,158.13,340072,1108840100.0,1.32,-0.13,-0.2,0.16
2023-05-31,600036,159.07,157.9,159.85,157.66,525414,1704091986.0,1.38,-0.83,-1.32,0.25
2023-06-01,600036,157.93,156.96,158.68,156.8,472399,1521250952.0,1.19,-0.6,-0.94,0.23
2023-06-02,600036,157.58,160.91,161.02,157.5,558856,1829053080.0,2.24,2.52,3.95,0.27
2023-06-05,600036,160.91,160.79,161.69,160.01,312730,1033695634.0,1.04,-0.07,-0.12,0.15
2023-06-06,600036,160.79,160.91,163.76,160.55,386634,1288946278.0,2.0,0.07,0.12,0.19
2023-06-07,600036,161.61,161.81,163.02,161.26,338906,1132209544.0,1.09,0.56,0.9,0.16
2023-06-08,600036,161.88,164.86,165.4,161.49,549615,1859578016.0,2.42,1.88,3.05,0.27
2023-06-09,600036,164.74,163.53,165.52,163.53,415109,1408235126.0,1.21,-0.81,-1.33,0.2
2023-06-12,600036,163.49,163.49,164.23,162.12,406774,1370601854.0,1.29,-0.02,-0.04,0.2
2023-06-13,600036,162.82,163.49,164.31,162.59,231246,779060071.0,1.05,0.0,0.0,0.11
2023-06-14,600036,164.27,162.16,164.7,162.16,382633,1289658685.0,1.55,-0.81,-1.33,0.19
2023-06-15,600036,162.59,163.45,163.72,161.84,369537,1239411035.0,1.16,0.8,1.29,0.18
2023-06-16,600036,164.0,164.27,164.7,163.57,426806,1448460382.0,0.69,0.5,0.82,0.21
2023-06-19,600036,164.19,162.9,164.19,162.82,278961,939883957.0,0.83,-0.83,-1.37,0.14
2023-06-20,600036,162.59,161.38,162.82,161.02,307649,1024392135.0,1.1,-0.93,-1.52,0.15
2023-06-21,600036,160.87,161.3,163.14,160.63,427866,1426164911.0,1.56,-0.05,-0.08,0.21
2023-06-26,600036,160.36,159.11,161.02,158.36,432103,1410658235.0,1.65,-1.36,-2.19,0.21
2023-06-27,600036,159.19,159.93,160.67,158.44,345715,1132557913.0,1.4,0.52,0.82,0.17
2023-06-28,600036,159.89,160.83,161.34,159.54,333818,1100128735.0,1.13,0.56,0.9,0.16
2023-06-29,600036,160.83,159.38,161.34,159.34,258548,848217753.0,1.24,-0.9,-1.45,0.13
2023-06-30,600036,159.58,159.69,160.63,159.22,293613,964762581.0,0.88,0.19,0.31,0.14
2023-07-03,600036,160.24,163.45,163.6,159.85,453668,1515242663.0,2.35,2.35,3.76,0.22
2023-07-04,600036,162.98,162.63,162.98,162.04,224087,749827211.0,0.58,-0.5,-0.82,0.11
2023-07-05,600036,162.59,160.75,162.59,160.01,413072,1365494250.0,1.59,-1.16,-1.88,0.2
2023-07-06,600036,160.75,158.99,161.1,158.72,407842,1334753417.0,1.48,-1.09,-1.76,0.2
2023-07-07,600036,158.68,157.93,158.99,157.86,472794,1530388129.0,0.71,-0.67,-1.06,0.23
2023-07-10,600036,158.76,158.48,159.42,158.01,272077,883689382.0,0.89,0.35,0.55,0.13
2023-07-11,600036,159.58,159.5,159.85,158.56,329167,1074347765.0,0.81,0.64,1.02,0.16
2023-07-12,600036,159.54,161.41,162.35,159.54,632049,2098753494.0,1.76,1.2,1.91,0.31
2023-07-13,600036,163.48,162.93,163.52,161.37,563850,1791570807.0,1.33,0.94,1.52,0.27
2023-07-14,600036,163.28,163.24,164.26,162.66,347521,1111472582.0,0.98,0.19,0.31,0.17
2023-07-17,600036,162.62,162.15,162.66,161.29,262003,827190406.0,0.84,-0.67,-1.09,0.13
2023-07-18,600036,162.15,161.41,162.62,161.13,316389,996591508.0,0.92,-0.46,-0.74,0.15
2023-07-19,600036,160.74,161.88,162.11,160.62,240296,755090293.0,0.92,0.29,0.47,0.12
2023-07-20,600036,162.62,162.31,163.91,161.95,272394,867690876.0,1.21,0.27,0.43,0.13
2023-07-21,600036,162.74,162.74,163.44,161.99,315669,1004431833.0,0.89,0.26,0.43,0.15
2023-07-24,600036,161.41,161.37,162.46,161.17,239122,753332483.0,0.79,-0.84,-1.37,0.12
2023-07-25,600036,163.52,168.48,168.8,163.52,1261621,4159900848.0,3.27,4.41,7.11,0.61
2023-07-26,600036,168.48,168.8,170.28,167.7,501751,1673625171.0,1.53,0.19,0.32,0.24
2023-07-27,600036,169.38,170.01,170.64,168.21,548489,1845231370.0,1.44,0.72,1.21,0.27
2023-07-28,600036,169.34,175.64,176.38,169.03,1256288,4358344107.0,4.32,3.31,5.63,0.61
2023-07-31,600036,177.28,177.44,179.32,175.29,1162756,4127807307.0,2.29,1.02,1.8,0.56
2023-08-01,600036,177.32,175.21,177.52,174.35,660096,2316910863.0,1.79,-1.26,-2.23,0.32
2023-08-02,600036,171.96,171.46,174.55,170.44,915358,3124298660.0,2.35,-2.14,-3.75,0.44
2023-08-03,600036,171.42,174.0,174.39,170.83,509294,1750414829.0,2.08,1.48,2.54,0.25
2023-08-04,600036,175.56,174.78,177.2,174.15,812642,2854335236.0,1.75,0.45,0.78,0.39
2023-08-07,600036,174.27,173.29,174.39,172.43,344672,1187405635.0,1.12,-0.85,-1.49,0.17
2023-08-08,600036,172.63,171.93,173.88,170.6,502283,1715919700.0,1.89,-0.78,-1.36,0.24
2023-08-09,600036,171.42,171.42,172.55,171.14,386833,1318960193.0,0.82,-0.3,-0.51,0.19
2023-08-10,600036,170.95,171.89,172.32,170.56,287725,978706457.0,1.03,0.27,0.47,0.14
2023-08-11,600036,171.96,168.02,173.18,168.02,606240,2032299867.0,3.0,-2.25,-3.87,0.29
2023-08-14,600036,166.65,165.32,166.76,164.5,667073,2167337311.0,1.35,-1.61,-2.7,0.32
2023-08-15,600036,165.32,164.93,166.02,164.1,582959,1887265044.0,1.16,-0.24,-0.39,0.28
2023-08-16,600036,164.1,163.4,164.5,163.05,580152,1857011416.0,0.88,-0.93,-1.53,0.28
2023-08-17,600036,162.66,162.7,163.01,161.52,646076,2043578651.0,0.91,-0.43,-0.7,0.31
2023-08-18,600036,162.54,163.05,165.98,162.54,674595,2169641216.0,2.11,0.22,0.35,0.33
2023-08-21,600036,162.78,160.12,162.89,160.12,809575,2537398399.0,1.7,-1.8,-2.93,0.39
2023-08-22,600036,160.43,160.86,161.45,159.61,601070,1877097295.0,1.15,0.46,0.74,0.29
2023-08-23,600036,160.39,159.02,161.33,159.02,560744,1743312676.0,1.44,-1.14,-1.84,0.27
2023-08-24,600036,159.61,159.84,160.19,158.83,412256,1277299345.0,0.86,0.52,0.82,0.2
2023-08-25,600036,159.61,161.8,162.93,159.22,647471,2028793535.0,2.32,1.23,1.96,0.31
2023-08-28,600036,168.6,164.54,171.07,163.64,1405094,4608776006.0,4.59,1.69,2.74,0.68
2023-08-29,600036,164.54,163.67,165.24,162.62,721170,2310485794.0,1.59,-0.53,-0.87,0.35
2023-08-30,600036,164.26,162.19,164.26,161.76,639802,2031430069.0,1.53,-0.9,-1.48,0.31
2023-08-31,600036,162.74,161.76,163.83,161.52,503220,1595044491.0,1.42,-0.27,-0.43,0.24
2023-09-01,600036,163.32,164.57,165.98,163.05,697526,2250478414.0,1.81,1.74,2.81,0.34
2023-09-04,600036,165.79,169.5,169.81,165.36,1104299,3671655441.0,2.7,3.0,4.93,0.54
2023-09-05,600036,168.6,167.86,169.15,167.31,447323,1483496734.0,1.09,-0.97,-1.64,0.22
2023-09-06,600036,167.82,168.84,169.23,166.53,546740,1812037299.0,1.61,0.58,0.98,0.27
2023-09-07,600036,168.64,167.98,168.64,167.47,358702,1188879205.0,0.69,-0.51,-0.86,0.17
2023-09-08,600036,167.43,168.09,168.45,167.23,298501,989879153.0,0.73,0.07,0.11,0.14
2023-09-11,600036,167.94,167.08,168.56,167.08,632874,2091952941.0,0.88,-0.6,-1.01,0.31
2023-09-12,600036,167.04,166.96,167.62,166.72,277591,914017922.0,0.54,-0.07,-0.12,0.13
2023-09-13,600036,167.23,166.45,167.74,166.1,298915,980129608.0,0.98,-0.31,-0.51,0.14
2023-09-14,600036,167.23,167.7,168.17,166.84,437344,1443840329.0,0.8,0.75,1.25,0.21
2023-09-15,600036,168.6,167.27,169.07,166.65,439602,1453249853.0,1.44,-0.26,-0.43,0.21
2023-09-18,600036,166.92,167.51,167.62,166.26,360402,1186454306.0,0.81,0.14,0.24,0.17
2023-09-19,600036,167.43,167.27,167.43,166.33,384653,1263587161.0,0.66,-0.14,-0.24,0.19
2023-09-20,600036,166.88,166.37,166.88,165.98,309318,1012842173.0,0.54,-0.54,-0.9,0.15
2023-09-21,600036,166.45,164.97,166.69,164.97,390319,1270724458.0,1.03,-0.84,-1.4,0.19
2023-09-22,600036,165.83,168.76,168.88,164.77,712833,2349131841.0,2.49,2.3,3.79,0.35
2023-09-25,600036,168.52,167.43,168.52,167.04,456515,1506238619.0,0.88,-0.79,-1.33,0.22
2023-09-26,600036,167.15,166.65,167.74,166.45,322024,1058673650.0,0.77,-0.47,-0.78,0.16
2023-09-27,600036,167.04,166.72,167.78,166.45,352467,1159673830.0,0.8,0.04,0.07,0.17
2023-09-28,600036,167.51,167.31,167.98,166.45,388565,1280959169.0,0.92,0.35,0.59,0.19
2023-10-09,600036,166.26,165.79,166.26,165.0,361343,1176010754.0,0.75,-0.91,-1.52,0.18
2023-10-10,600036,167.9,165.83,167.94,165.83,342637,1123856356.0,1.27,0.02,0.04,0.17
2023-10-11,600036,166.8,165.28,166.84,165.08,376091,1226529938.0,1.06,-0.33,-0.55,0.18
2023-10-12,600036,167.39,167.7,168.72,166.57,617460,2041713576.0,1.3,1.46,2.42,0.3
2023-10-13,600036,166.57,165.9,166.96,165.51,410372,1341527525.0,0.86,-1.07,-1.8,0.2
2023-10-16,600036,165.79,164.73,166.1,164.46,286774,928068013.0,0.99,-0.71,-1.17,0.14
2023-10-17,600036,165.04,165.55,165.86,164.38,286229,928757316.0,0.9,0.5,0.82,0.14
2023-10-18,600036,165.43,165.43,166.02,165.12,249317,810933178.0,0.54,-0.07,-0.12,0.12
2023-10-19,600036,165.08,161.84,165.08,161.64,604293,1922080369.0,2.08,-2.17,-3.59,0.29
2023-10-20,600036,161.52,162.15,162.78,161.17,372589,1178535483.0,0.99,0.19,0.31,0.18
2023-10-23,600036,161.92,160.51,162.15,159.61,393802,1232365016.0,1.57,-1.01,-1.64,0.19
2023-10-24,600036,161.09,160.78,161.21,159.76,365527,1142319006.0,0.9,0.17,0.27,0.18
2023-10-25,600036,161.95,161.25,162.54,160.39,375693,1179249724.0,1.34,0.29,0.47,0.18
2023-10-26,600036,161.02,161.56,162.54,160.62,287030,904374422.0,1.19,0.19,0.31,0.14
2023-10-27,600036,161.37,161.68,162.15,160.19,391453,1231933968.0,1.21,0.07,0.12,0.19
2023-10-30,600036,159.65,159.22,160.12,157.85,838501,2582604676.0,1.4,-1.52,-2.46,0.41
2023-10-31,600036,158.59,158.67,159.57,158.08,528016,1624462290.0,0.94,-0.35,-0.55,0.26
2023-11-01,600036,158.83,157.46,159.14,157.38,529897,1617976148.0,1.11,-0.76,-1.21,0.26
2023-11-02,600036,158.04,158.36,158.87,157.69,364668,1118895486.0,0.75,0.57,0.9,0.18
2023-11-03,600036,158.36,159.57,159.76,158.04,439569,1357177293.0,1.09,0.76,1.21,0.21
2023-11-06,600036,160.19,160.16,160.98,159.45,519824,1617714882.0,0.96,0.37,0.59,0.25
2023-11-07,600036,160.16,158.83,160.16,158.24,516241,1589834114.0,1.2,-0.83,-1.33,0.25
2023-11-08,600036,158.59,158.04,158.75,157.65,445183,1363161957.0,0.69,-0.5,-0.79,0.22
2023-11-09,600036,157.85,158.28,158.75,157.73,327650,1003833045.0,0.65,0.15,0.24,0.16
2023-11-10,600036,157.65,156.32,157.89,156.09,516965,1561581974.0,1.14,-1.24,-1.96,0.25
2023-11-13,600036,156.36,154.99,156.75,154.17,634243,1891693842.0,1.65,-0.85,-1.33,0.31
2023-11-14,600036,155.19,156.48,156.48,155.15,448343,1347710790.0,0.86,0.96,1.49,0.22
2023-11-15,600036,157.46,158.2,158.71,157.22,601940,1842095992.0,0.95,1.1,1.72,0.29
2023-11-16,600036,158.32,157.81,158.71,157.14,315720,965161754.0,0.99,-0.25,-0.39,0.15
2023-11-17,600036,157.5,156.99,157.73,156.09,432453,1308022703.0,1.04,-0.52,-0.82,0.21
2023-11-20,600036,157.03,157.97,158.0,156.25,369227,1123420442.0,1.11,0.62,0.98,0.18
2023-11-21,600036,158.63,157.38,159.1,157.14,488545,1497630759.0,1.24,-0.37,-0.59,0.24
2023-11-22,600036,156.87,156.32,157.3,156.28,273705,828342908.0,0.65,-0.67,-1.06,0.13
2023-11-23,600036,155.78,156.25,156.52,155.5,299794,900540283.0,0.65,-0.04,-0.07,0.15
2023-11-24,600036,155.93,155.7,156.09,155.42,291163,873539196.0,0.43,-0.35,-0.55,0.14
2023-11-27,600036,155.7,153.35,155.82,152.92,581020,1714186982.0,1.86,-1.51,-2.35,0.28
2023-11-28,600036,153.39,152.41,153.7,151.94,475165,1389229278.0,1.15,-0.61,-0.94,0.23
2023-11-29,600036,152.57,151.01,152.73,150.54,620638,1789462813.0,1.44,-0.92,-1.4,0.3
2023-11-30,600036,151.01,150.97,151.71,150.22,551560,1585194742.0,0.99,-0.03,-0.04,0.27
2023-12-01,600036,150.69,148.89,150.77,148.15,882736,2496795770.0,1.74,-1.38,-2.08,0.43
2023-12-04,600036,148.93,148.19,149.68,147.96,557878,1569603288.0,1.16,-0.47,-0.7,0.27
2023-12-05,600036,148.11,145.96,148.15,145.92,618902,1717656519.0,1.5,-1.5,-2.23,0.3
2023-12-06,600036,146.16,146.94,147.72,145.73,611259,1697947805.0,1.36,0.67,0.98,0.3
2023-12-07,600036,146.98,147.13,147.64,145.1,594967,1643064047.0,1.73,0.13,0.19,0.29
2023-12-08,600036,146.7,145.92,147.68,145.92,533498,1479206064.0,1.2,-0.82,-1.21,0.26
2023-12-11,600036,144.94,146.94,147.29,143.58,758086,2067921108.0,2.54,0.7,1.02,0.37
2023-12-12,600036,146.7,148.07,148.15,146.35,504201,1409339298.0,1.22,0.77,1.13,0.24
2023-12-13,600036,147.56,144.83,147.56,144.75,671239,1844591027.0,1.9,-2.19,-3.24,0.33
2023-12-14,600036,145.69,144.08,146.47,144.08,445268,1214879008.0,1.65,-0.52,-0.75,0.22
2023-12-15,600036,145.8,144.87,148.07,144.75,980687,2697705037.0,2.3,0.55,0.79,0.48
2023-12-18,600036,143.97,145.06,145.45,143.58,477164,1299068335.0,1.29,0.13,0.19,0.23
2023-12-19,600036,144.75,145.1,145.34,144.05,376574,1024185206.0,0.89,0.03,0.04,0.18
2023-12-20,600036,145.18,144.2,145.57,144.2,531128,1446520286.0,0.94,-0.62,-0.9,0.26
2023-12-21,600036,143.89,146.74,146.9,143.65,759105,2082187758.0,2.25,1.76,2.54,0.37
2023-12-22,600036,147.02,146.35,147.29,145.57,623644,1721377205.0,1.17,-0.27,-0.39,0.3
2023-12-25,600036,146.31,146.04,146.78,145.61,419034,1154001375.0,0.8,-0.21,-0.31,0.2
2023-12-26,600036,145.88,145.02,145.88,144.59,365257,997177589.0,0.88,-0.7,-1.02,0.18
2023-12-27,600036,145.26,145.14,145.41,144.16,410637,1117439216.0,0.86,0.08,0.12,0.2
2023-12-28,600036,144.94,147.84,148.39,144.94,1061063,2953200858.0,2.38,1.86,2.7,0.51
2023-12-29,600036,147.49,147.17,148.07,146.98,655773,1827818811.0,0.74,-0.45,-0.67,0.32
