date,open,high,low,close,volume
2020-01-02,2182.98,2206.44,2145.3,2184.24,306674
2020-01-03,2176.73,2184.08,2145.61,2160.31,204692
2020-01-06,2151.71,2155.62,2128.56,2139.2,259370
2020-01-07,2143.89,2168.44,2136.07,2141.86,223278
2020-01-08,2135.91,2147.95,2121.21,2134.35,161802
2020-01-09,2136.07,2170.47,2124.34,2163.75,255491
2020-01-10,2159.53,2215.04,2159.53,2208.32,429695
2020-01-13,2218.33,2308.09,2218.17,2302.77,496042
2020-01-14,2309.66,2318.73,2279.94,2285.57,199073
2020-01-15,2285.57,2352.03,2285.42,2320.6,234789
2020-01-16,2320.6,2339.37,2297.14,2318.41,145360
2020-01-17,2327.8,2336.24,2281.51,2285.42,148478
2020-01-20,2316.69,2318.41,2258.05,2269.93,167538
2020-01-21,2253.36,2253.36,2183.14,2192.68,293073
2020-01-22,2167.19,2193.46,2147.95,2178.29,257531
2020-01-23,2179.39,2179.39,2073.52,2091.66,415937
2020-02-03,1894.3,1894.3,1894.3,1894.3,167639
2020-02-04,1823.3,1995.32,1823.3,1909.31,710214
2020-02-05,1931.21,1992.2,1903.06,1956.39,388783
2020-02-06,1979.69,1994.39,1942.15,1982.03,306551
2020-02-07,1983.6,2009.87,1957.95,2004.4,280117
2020-02-10,1987.51,2031.76,1973.12,2013.0,221877
2020-02-11,2013.31,2081.34,2013.31,2070.23,245774
2020-02-12,2065.7,2077.43,2038.64,2065.54,175114
2020-02-13,2071.64,2099.48,2048.03,2060.07,178629
2020-02-14,2061.01,2087.28,2033.64,2048.96,169720
2020-02-17,2045.05,2062.57,2035.67,2062.57,238169
2020-02-18,2054.75,2062.57,2042.4,2048.34,128728
2020-02-19,2054.44,2107.61,2037.24,2089.15,316628
2020-02-20,2104.79,2160.78,2103.07,2154.05,334662
2020-02-21,2151.71,2170.47,2136.38,2151.71,207438
2020-02-24,2142.33,2142.33,2100.1,2106.36,235601
2020-02-25,2070.39,2104.79,2055.69,2078.21,240633
2020-02-26,2055.22,2095.72,2042.24,2059.44,214179
2020-02-27,2070.39,2116.52,2065.7,2093.85,235732
2020-02-28,2057.88,2058.35,1979.69,2004.71,366012
2020-03-02,1996.89,2051.62,1989.07,2036.77,269822
2020-03-03,2053.19,2087.28,2053.19,2063.66,230923
2020-03-04,2057.88,2088.06,2057.88,2077.74,197575
2020-03-05,2097.76,2228.02,2089.15,2201.75,565620
2020-03-06,2182.98,2228.02,2151.71,2152.8,291658
2020-03-09,2120.43,2124.34,2089.78,2093.85,244542
2020-03-10,2093.85,2177.2,2092.28,2162.97,310772
2020-03-11,2190.8,2195.5,2143.89,2150.14,187635
2020-03-12,2102.92,2122.15,2086.97,2089.78,252660
2020-03-13,1995.32,2076.96,1977.81,2035.98,350887
2020-03-16,2017.22,2032.86,1907.91,1924.95,370242
2020-03-17,1909.31,1957.48,1816.74,1875.85,352980
2020-03-18,1888.98,1932.3,1787.18,1801.25,404423
2020-03-19,1773.26,1792.03,1661.13,1715.56,601698
2020-03-20,1750.12,1833.62,1748.4,1815.64,422064
2020-03-23,1745.11,1784.21,1730.1,1753.09,328265
2020-03-24,1793.28,1837.22,1777.01,1824.09,356363
2020-03-25,1887.42,1916.51,1867.72,1901.5,309473
2020-03-26,1885.54,1937.46,1868.65,1899.77,208801
2020-03-27,1926.52,1960.92,1926.52,1929.8,235435
2020-03-30,1883.04,1901.81,1865.53,1889.45,205806
2020-03-31,1917.13,1942.0,1902.43,1920.26,188496
2020-04-01,1932.77,1948.25,1908.38,1917.13,175969
2020-04-02,1901.5,1951.38,1893.99,1951.38,191537
2020-04-03,1959.36,1987.04,1945.28,1956.54,175806
2020-04-07,2004.71,2066.95,2004.71,2060.07,294512
2020-04-08,2060.07,2089.0,2048.96,2077.9,201134
2020-04-09,2099.32,2114.18,2042.4,2073.2,158796
2020-04-10,2073.2,2132.94,2061.01,2097.29,198961
2020-04-13,2075.86,2105.11,2061.01,2073.52,146060
2020-04-14,2098.69,2134.19,2076.64,2127.47,194619
2020-04-15,2127.78,2156.09,2108.08,2119.02,162967
2020-04-16,2104.95,2117.3,2081.65,2090.72,188254
2020-04-17,2107.45,2147.02,2100.73,2133.25,234711
2020-04-20,2150.46,2159.21,2134.19,2140.92,132188
2020-04-21,2121.68,2135.29,2074.77,2096.5,205524
2020-04-22,2097.6,2167.19,2080.08,2156.4,265985
2020-04-23,2170.47,2218.95,2164.22,2168.75,213319
2020-04-24,2171.1,2203.16,2141.86,2173.6,167733
2020-04-27,2190.96,2208.32,2157.65,2193.93,159342
2020-04-28,2245.54,2327.17,2222.24,2292.45,420773
2020-04-29,2292.45,2310.44,2214.26,2237.72,291832
2020-04-30,2237.72,2295.58,2214.57,2241.94,228641
2020-05-06,2222.08,2293.23,2213.95,2280.1,251045
2020-05-07,2282.76,2339.37,2266.96,2337.96,277962
2020-05-08,2349.53,2394.1,2322.63,2353.44,243267
2020-05-11,2358.45,2387.85,2323.73,2337.02,236820
2020-05-12,2323.73,2367.36,2322.01,2353.44,151845
2020-05-13,2353.44,2405.21,2344.06,2401.92,196350
2020-05-14,2400.36,2417.56,2376.9,2406.61,153613
2020-05-15,2425.38,2433.04,2371.9,2389.72,160644
2020-05-18,2386.28,2502.94,2380.03,2483.08,248810
2020-05-19,2516.55,2519.05,2470.26,2486.68,176506
2020-05-20,2503.57,2511.08,2472.45,2477.77,170412
2020-05-21,2493.56,2519.68,2480.58,2490.75,170922
2020-05-22,2476.36,2476.67,2365.17,2374.55,383526
2020-05-25,2370.8,2423.81,2325.29,2418.03,243560
2020-05-26,2418.03,2450.71,2404.27,2430.23,165119
2020-05-27,2430.38,2439.45,2396.92,2404.42,145963
2020-05-28,2404.27,2433.51,2378.46,2404.42,148184
2020-05-29,2386.28,2442.42,2383.62,2436.33,163217
2020-06-01,2465.41,2623.67,2465.41,2598.81,357844
2020-06-02,2595.68,2677.94,2589.89,2601.62,291586
2020-06-03,2634.31,2648.38,2568.94,2593.33,252759
2020-06-04,2590.05,2620.54,2573.94,2602.87,136318
2020-06-05,2606.94,2631.49,2583.33,2622.26,159859
2020-06-08,2613.04,2698.27,2609.91,2630.4,222551
2020-06-09,2629.93,2667.77,2605.38,2661.67,161119
2020-06-10,2662.3,2679.97,2637.75,2660.58,149481
2020-06-11,2649.01,2663.71,2588.8,2621.95,199461
2020-06-12,2573.94,2650.26,2559.87,2644.31,176476
2020-06-15,2605.22,2634.62,2566.12,2573.94,266220
2020-06-16,2575.51,2609.29,2564.56,2584.58,259847
2020-06-17,2578.01,2581.76,2525.46,2556.43,232423
2020-06-18,2567.69,2598.65,2557.68,2595.21,199490
2020-06-19,2597.4,2722.51,2596.31,2707.96,387028
2020-06-22,2717.82,2717.82,2670.9,2702.18,216312
2020-06-23,2702.18,2786.62,2687.79,2780.06,265325
2020-06-24,2786.78,2831.97,2764.73,2789.91,187986
2020-06-29,2758.63,2788.19,2745.96,2772.55,199936
2020-06-30,2788.81,2837.76,2788.19,2829.16,189898
2020-07-01,2829.16,3047.78,2829.16,2998.99,271818
2020-07-02,2968.03,3161.0,2966.15,3116.44,348870
2020-07-03,3124.25,3132.23,3007.12,3104.39,308159
2020-07-06,3104.24,3218.24,3054.98,3168.51,328431
2020-07-07,3167.89,3380.57,3129.42,3310.35,384111
2020-07-08,3304.25,3371.5,3265.16,3333.34,292323
2020-07-09,3333.81,3364.62,3304.25,3338.97,295243
2020-07-10,3327.71,3465.33,3293.31,3390.26,335476
2020-07-13,3390.26,3671.75,3390.26,3565.41,488807
2020-07-14,3566.98,3676.91,3468.92,3607.64,438733
2020-07-15,3577.92,3687.39,3556.03,3655.33,371700
2020-07-16,3609.2,3609.98,3305.19,3305.19,705737
2020-07-17,3202.6,3432.49,3202.6,3365.08,529767
2020-07-20,3366.81,3413.72,3140.21,3307.07,442907
2020-07-21,3296.43,3419.98,3262.03,3368.06,317859
2020-07-22,3347.26,3482.06,3323.8,3419.98,280663
2020-07-23,3394.95,3466.89,3368.37,3438.27,265413
2020-07-24,3405.9,3420.76,3249.52,3302.53,405386
2020-07-27,3333.81,3387.13,3302.84,3344.91,246347
2020-07-28,3372.9,3545.71,3353.83,3499.73,384497
2020-07-29,3505.2,3522.88,3421.7,3515.06,301364
2020-07-30,3499.73,3563.07,3484.09,3536.01,253226
2020-07-31,3538.98,3609.36,3504.11,3554.46,262318
2020-08-03,3565.1,3592.47,3518.5,3557.91,201454
2020-08-04,3554.46,3590.43,3499.73,3527.88,206769
2020-08-05,3524.75,3558.53,3484.09,3554.15,186712
2020-08-06,3554.15,3570.73,3431.86,3453.13,323044
2020-08-07,3437.18,3484.09,3330.52,3394.33,287236
2020-08-10,3394.33,3419.66,3326.77,3373.69,191521
2020-08-11,3390.26,3489.57,3390.26,3421.54,250091
2020-08-12,3404.65,3435.3,3328.33,3381.97,180250
2020-08-13,3405.9,3437.18,3366.81,3388.7,123210
2020-08-14,3379.32,3488.78,3378.06,3482.53,244315
2020-08-17,3507.55,3624.84,3507.55,3593.4,315156
2020-08-18,3593.4,3640.48,3564.16,3602.47,190382
2020-08-19,3600.91,3686.76,3550.87,3627.96,238473
2020-08-20,3593.56,3607.95,3531.01,3537.89,184907
2020-08-21,3593.56,3608.89,3537.89,3568.54,157319
2020-08-24,3593.25,3692.08,3580.89,3671.75,231522
2020-08-25,3687.39,3855.5,3687.23,3837.52,285479
2020-08-26,3834.39,3904.29,3784.35,3853.94,262100
2020-08-27,3890.38,3890.38,3767.77,3876.3,213489
2020-08-28,3843.46,3982.33,3799.99,3914.15,327242
2020-08-31,3937.6,4011.1,3906.33,3906.33,315715
2020-09-01,3866.92,3903.2,3798.42,3847.53,300870
2020-09-02,3831.26,3902.89,3809.37,3828.14,196331
2020-09-03,3834.39,3953.24,3831.11,3885.06,275696
2020-09-04,3812.5,3812.5,3691.61,3753.38,370921
2020-09-07,3739.78,3803.9,3673.32,3701.31,236227
2020-09-08,3705.22,3739.78,3556.03,3623.74,357085
2020-09-09,3574.95,3603.88,3531.01,3546.65,227061
2020-09-10,3593.56,3683.64,3592.94,3643.6,231541
2020-09-11,3616.24,3716.79,3596.38,3716.79,204701
2020-09-14,3735.56,3772.46,3658.93,3751.19,207492
2020-09-15,3749.94,3771.84,3718.67,3755.1,120365
2020-09-16,3761.52,3784.19,3671.75,3687.7,184537
2020-09-17,3625.78,3687.39,3576.36,3635.0,228016
2020-09-18,3635.0,3742.44,3606.38,3742.44,190157
2020-09-21,3718.67,3742.91,3663.46,3670.19,130285
2020-09-22,3632.03,3699.43,3624.84,3638.91,120914
2020-09-23,3540.39,3616.86,3475.65,3582.93,251795
2020-09-24,3563.54,3614.99,3529.13,3535.7,163652
2020-09-25,3546.8,3584.8,3536.79,3549.77,112517
2020-09-28,3567.6,3638.13,3562.28,3595.59,152644
2020-09-29,3624.84,3637.35,3574.33,3589.34,99721
2020-09-30,3609.2,3671.75,3595.12,3609.2,162342
2020-10-09,3671.75,3742.91,3645.01,3711.94,208934
2020-10-12,3734.31,3937.76,3734.31,3933.69,324557
2020-10-13,3933.69,3978.26,3888.19,3941.83,171911
2020-10-14,3934.32,3974.04,3877.87,3896.94,183194
2020-10-15,3898.66,3914.15,3880.37,3889.28,111761
2020-10-16,3889.12,3919.15,3831.89,3857.54,118358
2020-10-19,3906.33,3931.35,3821.88,3846.59,122901
2020-10-20,3843.77,3921.97,3828.14,3921.65,179963
2020-10-21,3921.65,3964.19,3901.48,3934.01,137077
2020-10-22,3937.6,3953.09,3854.41,3933.54,150416
2020-10-23,3918.68,3941.36,3848.47,3853.63,134523
2020-10-26,3749.94,3821.72,3640.48,3790.76,160000
2020-10-27,3797.02,3833.61,3760.89,3804.68,143027
2020-10-28,3828.14,3937.6,3803.43,3906.01,170762
2020-10-29,3887.56,4121.67,3882.71,4062.71,349627
2020-10-30,4015.01,4062.71,3957.46,3974.35,239490
2020-11-02,4016.89,4079.13,3976.7,3995.47,157337
2020-11-03,4033.0,4068.97,3992.34,4068.97,165351
2020-11-04,4066.62,4109.63,4036.12,4109.63,129928
2020-11-05,4156.38,4216.75,4126.05,4209.87,189690
2020-11-06,4219.88,4237.86,4141.68,4208.15,151165
2020-11-09,4234.73,4375.48,4228.48,4375.48,206284
2020-11-10,4387.05,4510.75,4332.47,4419.26,223081
2020-11-11,4386.42,4516.22,4349.67,4358.27,227873
2020-11-12,4358.27,4398.78,4297.28,4338.73,176232
2020-11-13,4297.28,4334.35,4187.82,4297.28,188431
2020-11-16,4344.2,4424.74,4273.98,4422.39,195778
2020-11-17,4422.23,4446.63,4312.92,4361.4,179477
2020-11-18,4344.04,4367.97,4203.45,4277.27,194563
2020-11-19,4255.69,4317.61,4219.09,4292.59,124482
2020-11-20,4321.37,4383.3,4294.16,4351.55,111226
2020-11-23,4398.93,4496.99,4398.93,4415.82,156342
2020-11-24,4415.82,4416.14,4328.56,4403.47,125035
2020-11-25,4403.63,4412.85,4263.04,4265.54,165594
2020-11-26,4253.03,4300.1,4104.93,4228.16,199052
2020-11-27,4228.16,4255.22,4189.38,4255.06,112593
2020-11-30,4229.26,4250.21,4119.79,4125.26,211741
2020-12-01,4140.9,4201.58,4140.9,4187.66,136481
2020-12-02,4219.09,4250.21,4173.74,4227.69,116378
2020-12-03,4220.03,4250.37,4202.99,4244.58,92087
2020-12-04,4226.91,4344.2,4221.44,4331.53,170511
2020-12-07,4331.85,4456.8,4331.85,4379.23,196216
2020-12-08,4399.72,4438.81,4352.8,4406.75,147776
2020-12-09,4422.39,4438.03,4367.66,4371.1,116776
2020-12-10,4359.84,4406.75,4333.25,4339.04,134102
2020-12-11,4357.49,4375.32,4272.26,4336.69,150053
2020-12-14,4352.02,4430.21,4314.17,4424.74,181744
2020-12-15,4424.74,4427.08,4333.41,4387.99,146118
2020-12-16,4422.39,4453.67,4406.75,4443.19,160255
2020-12-17,4446.47,4531.86,4441.31,4497.61,199761
2020-12-18,4483.38,4526.86,4439.28,4482.76,150825
2020-12-21,4458.52,4562.82,4458.52,4561.73,161890
2020-12-22,4578.46,4656.97,4562.67,4569.08,187064
2020-12-23,4578.77,4664.79,4453.67,4505.12,252216
2020-12-24,4469.31,4514.66,4412.38,4458.67,156161
2020-12-25,4416.14,4491.67,4398.93,4468.06,111114
2020-12-28,4469.31,4628.19,4468.99,4624.91,193812
2020-12-29,4626.94,4636.01,4519.04,4547.5,146589
2020-12-30,4577.05,4650.71,4551.56,4639.45,168825
2020-12-31,4657.12,4758.15,4656.97,4717.17,160038
2021-01-04,4719.52,4844.63,4719.36,4814.13,234278
2021-01-05,4800.84,5157.08,4758.62,5157.08,314606
2021-01-06,5159.74,5402.29,5122.83,5287.19,313430
2021-01-07,5287.35,5324.41,5111.73,5313.78,242559
2021-01-08,5314.71,5338.8,4984.43,5110.48,378702
2021-01-11,5101.56,5102.66,4836.81,4863.39,381953
2021-01-12,4828.21,5021.34,4813.35,5001.01,230255
2021-01-13,5024.94,5055.43,4877.78,4927.98,233653
2021-01-14,4907.18,4920.94,4672.6,4678.86,354896
2021-01-15,4656.97,4724.05,4501.68,4652.27,417133
2021-01-18,4610.05,4643.52,4521.38,4603.01,272559
2021-01-19,4641.33,4688.24,4531.86,4555.32,293889
2021-01-20,4531.86,4619.59,4452.73,4607.71,264040
2021-01-21,4622.56,4828.83,4617.87,4796.93,294024
2021-01-22,4767.69,4843.22,4728.59,4775.19,249467
2021-01-25,4775.35,5100.0,4738.29,5089.99,412909
2021-01-26,5089.99,5090.3,4924.38,4935.02,241435
2021-01-27,4889.98,4889.98,4641.33,4728.59,307938
2021-01-28,4660.56,4719.52,4578.77,4625.69,276078
2021-01-29,4688.24,4768.62,4669.16,4706.07,220109
2021-02-01,4735.31,4842.59,4724.05,4724.05,195760
2021-02-02,4719.52,4912.34,4717.96,4909.06,297492
2021-02-03,4904.05,4985.37,4862.14,4981.46,224547
2021-02-04,4938.46,5107.35,4922.97,5057.31,280575
2021-02-05,5063.72,5313.78,5063.56,5153.64,328913
2021-02-08,5219.95,5321.59,5060.43,5157.39,266530
2021-02-09,5188.67,5313.78,5123.93,5305.96,224780
2021-02-10,5360.69,5558.98,5352.87,5511.6,331932
2021-02-18,5696.76,5738.98,5327.69,5368.51,343815
2021-02-19,5370.07,5567.12,5250.44,5538.97,274750
2021-02-22,5501.43,5506.13,5016.33,5048.86,414582
2021-02-23,4938.46,5202.12,4909.84,5079.2,278668
2021-02-24,5079.2,5079.36,4667.13,4736.41,417248
2021-02-25,4789.89,4844.31,4619.12,4671.04,249046
2021-02-26,4540.62,4647.11,4391.11,4531.86,288971
2021-03-01,4625.69,4750.8,4547.65,4672.92,255063
2021-03-02,4738.29,4780.2,4458.36,4542.81,244125
2021-03-03,4469.31,4638.2,4400.65,4614.74,211717
2021-03-04,4531.86,4531.86,4297.28,4317.77,329359
2021-03-05,4187.82,4409.72,4125.26,4320.74,291650
2021-03-08,4344.2,4375.95,3975.76,3976.7,383654
2021-03-09,3937.6,4050.2,3749.94,3945.42,438746
2021-03-10,4031.43,4140.9,4017.36,4103.37,309582
2021-03-11,4141.06,4367.66,4063.96,4297.91,301531
2021-03-12,4361.4,4367.5,4152.94,4288.68,251438
2021-03-15,4257.41,4320.74,4000.16,4078.5,248997
2021-03-16,4087.73,4258.97,4071.31,4256.78,231656
2021-03-17,4242.55,4344.67,4140.9,4286.49,198878
2021-03-18,4297.28,4453.67,4297.28,4381.58,201303
2021-03-19,4266.01,4297.28,4182.66,4231.45,197850
2021-03-22,4233.95,4275.23,4136.37,4211.27,142782
2021-03-23,4211.27,4281.33,4171.87,4254.28,126952
2021-03-24,4204.86,4359.84,4197.51,4231.6,179422
2021-03-25,4171.24,4186.1,4093.99,4156.23,186259
2021-03-26,4187.82,4331.38,4153.73,4312.14,230203
2021-03-29,4328.56,4531.08,4312.77,4408.16,281995
2021-03-30,4383.3,4508.71,4383.3,4429.58,168708
2021-03-31,4386.42,4386.42,4297.44,4343.89,134111
2021-04-01,4375.48,4436.31,4328.72,4423.64,121142
2021-04-02,4485.1,4610.05,4453.67,4603.17,229626
2021-04-06,4624.91,4656.97,4563.14,4606.3,155508
2021-04-07,4578.93,4588.94,4356.71,4388.77,244936
2021-04-08,4297.28,4451.32,4282.58,4423.64,162114
2021-04-09,4391.11,4414.57,4297.28,4301.98,146116
2021-04-12,4300.41,4334.19,4219.09,4234.58,133233
2021-04-13,4238.8,4347.64,4238.8,4264.44,138757
2021-04-14,4264.6,4338.1,4238.64,4278.21,148178
2021-04-15,4239.58,4265.85,4052.08,4153.41,285959
2021-04-16,4153.41,4275.86,4153.41,4247.24,187543
2021-04-19,4219.09,4347.48,4117.44,4307.76,188156
2021-04-20,4297.28,4434.75,4266.16,4340.29,199147
2021-04-21,4297.28,4421.92,4275.08,4388.77,159232
2021-04-22,4389.55,4438.03,4359.84,4394.09,116274
2021-04-23,4410.66,4547.5,4410.66,4531.86,207833
2021-04-26,4578.77,4623.97,4451.48,4453.67,203904
2021-04-27,4484.94,4560.32,4412.07,4560.32,142315
2021-04-28,4453.67,4619.43,4434.9,4619.43,220279
2021-04-29,4642.27,4703.88,4552.35,4680.42,206936
2021-04-30,4641.33,4677.3,4589.41,4610.05,158031
2021-05-06,4563.14,4622.56,4466.18,4476.19,168661
2021-05-07,4532.02,4535.46,4395.49,4408.32,125008
2021-05-10,4384.55,4438.03,4240.99,4281.65,195248
2021-05-11,4253.81,4460.86,4250.21,4460.71,192326
2021-05-12,4441.16,4525.29,4438.03,4492.92,121063
2021-05-13,4441.0,4509.18,4414.57,4469.31,97079
2021-05-14,4499.96,4663.22,4456.48,4641.33,218085
2021-05-17,4660.41,4917.66,4660.41,4800.68,280615
2021-05-18,4813.51,4844.63,4755.49,4836.81,147287
2021-05-19,4813.35,4986.93,4782.54,4888.26,167001
2021-05-20,4918.13,4969.42,4869.02,4899.52,140240
2021-05-21,4922.82,4933.61,4767.37,4791.46,172621
2021-05-24,4844.63,4925.94,4771.91,4922.97,157089
2021-05-25,4938.46,5205.25,4921.57,5204.78,323059
2021-05-26,5165.21,5220.1,5094.84,5141.75,190751
2021-05-27,5128.77,5254.82,5067.0,5128.93,164363
2021-05-28,5159.27,5174.28,5069.66,5108.91,130245
2021-05-31,5083.89,5088.9,4990.37,5081.08,177684
2021-06-01,5099.53,5115.17,5006.95,5090.15,163876
2021-06-02,5090.15,5131.9,4977.55,5029.78,156532
2021-06-03,5029.78,5157.39,5003.82,5057.46,179177
2021-06-04,5032.29,5133.93,4993.35,5083.89,175288
2021-06-07,5100.47,5117.2,4983.34,5046.52,187370
2021-06-08,5047.92,5055.74,4719.36,4812.57,311653
2021-06-09,4797.71,4844.63,4712.48,4789.89,171577
2021-06-10,4797.87,4930.64,4774.25,4892.32,150773
2021-06-11,4892.48,4907.18,4782.07,4869.18,159128
2021-06-15,4868.4,4907.96,4731.56,4833.05,145161
2021-06-16,4833.05,4833.05,4676.04,4724.52,140630
2021-06-17,4705.6,4813.35,4705.6,4754.24,109046
2021-06-18,4771.28,4797.71,4625.69,4703.88,190716
2021-06-21,4735.16,4802.4,4703.88,4795.68,206028
2021-06-22,4813.35,4883.72,4802.4,4842.91,161664
2021-06-23,4833.68,4836.81,4688.24,4702.94,230564
2021-06-24,4664.79,4766.43,4597.23,4730.47,165518
2021-06-25,4704.66,4866.21,4702.0,4843.37,205223
2021-06-28,4844.78,4946.74,4844.78,4943.3,161254
2021-06-29,4945.96,4948.46,4792.71,4821.95,156720
2021-06-30,4782.07,4882.16,4774.1,4811.63,103395
2021-07-01,4793.8,4828.99,4719.52,4816.48,136310
2021-07-02,4750.8,4761.59,4613.18,4626.16,211692
2021-07-05,4597.07,4664.79,4532.17,4549.06,180543
2021-07-06,4529.51,4547.97,4378.92,4488.85,238955
2021-07-07,4531.86,4610.05,4514.34,4603.64,174544
2021-07-08,4610.05,4622.41,4338.26,4372.97,439576
2021-07-09,4407.22,4424.89,4290.72,4373.29,213674
2021-07-12,4415.82,4462.11,4301.51,4430.68,264247
2021-07-13,4430.99,4561.89,4430.99,4509.65,218997
2021-07-14,4476.81,4525.29,4384.55,4498.71,209218
2021-07-15,4494.01,4590.97,4458.2,4585.19,195495
2021-07-16,4585.5,4624.75,4525.29,4533.42,151514
2021-07-19,4506.53,4611.3,4486.04,4586.12,143320
2021-07-20,4556.57,4638.04,4537.33,4608.17,130092
2021-07-21,4608.02,4665.57,4572.36,4591.29,149605
2021-07-22,4611.46,4645.08,4551.09,4573.77,143104
2021-07-23,4554.38,4556.57,4386.42,4434.75,212304
2021-07-26,4394.87,4394.87,4010.63,4095.86,462131
2021-07-27,4056.14,4084.29,3805.93,3808.27,423313
2021-07-28,3808.74,3913.83,3710.38,3894.75,361143
2021-07-29,4031.75,4037.22,3847.84,3869.26,313222
2021-07-30,3869.42,3869.42,3584.49,3645.64,427979
2021-08-02,3561.5,3866.92,3511.15,3859.88,468444
2021-08-03,3776.22,3957.0,3754.32,3947.46,341719
2021-08-04,3899.76,3929.32,3837.21,3860.66,230290
2021-08-05,3774.65,3884.12,3719.92,3746.03,285511
2021-08-06,3712.1,3757.45,3653.46,3727.74,191529
2021-08-09,3696.46,3894.75,3665.18,3790.45,264929
2021-08-10,3809.99,4103.06,3749.32,4085.85,460837
2021-08-11,4040.03,4120.57,3977.48,4043.63,253075
2021-08-12,4024.87,4081.16,3902.1,3914.15,237149
2021-08-13,3899.76,3993.59,3884.12,3959.18,160031
2021-08-16,3946.67,4015.01,3921.65,3957.62,133173
2021-08-17,3937.45,3977.95,3786.85,3789.51,218730
2021-08-18,3759.01,3829.39,3694.9,3774.65,212645
2021-08-19,3773.09,3810.46,3665.18,3675.35,289689
2021-08-20,3501.29,3581.99,3405.43,3420.91,534004
2021-08-23,3421.07,3505.2,3397.77,3415.6,418364
2021-08-24,3446.25,3518.97,3383.69,3477.52,411904
2021-08-25,3491.29,3617.17,3487.85,3594.81,381799
2021-08-26,3592.78,3592.78,3414.97,3433.27,332283
2021-08-27,3433.11,3477.52,3391.51,3409.97,271910
2021-08-30,3454.07,3477.37,3312.7,3430.61,347329
2021-08-31,3422.79,3446.25,3311.76,3347.57,318552
2021-09-01,3347.73,3494.1,3274.23,3441.71,503643
2021-09-02,3445.31,3447.81,3324.27,3340.38,374602
2021-09-03,3318.01,3423.57,3270.63,3413.25,344795
2021-09-06,3391.51,3560.41,3361.02,3500.36,440710
2021-09-07,3485.34,3541.95,3462.82,3508.33,259374
2021-09-08,3508.8,3519.9,3414.97,3441.87,215537
2021-09-09,3442.03,3465.17,3399.33,3435.77,177575
2021-09-10,3435.77,3546.33,3422.79,3535.39,318835
2021-09-13,3508.8,3551.02,3430.45,3442.96,263428
2021-09-14,3441.87,3474.55,3403.09,3410.75,235967
2021-09-15,3368.06,3392.3,3269.53,3297.68,382036
2021-09-16,3258.59,3314.57,3202.76,3274.23,335387
2021-09-17,3258.59,3399.33,3228.41,3351.64,294397
2021-09-22,3274.23,3297.68,3218.71,3226.22,249090
2021-09-23,3240.13,3272.35,3206.04,3233.88,188113
2021-09-24,3225.75,3383.69,3212.61,3329.27,350540
2021-09-27,3440.31,3642.82,3440.31,3642.82,760066
2021-09-28,3638.91,3674.57,3540.08,3586.05,411459
2021-09-29,3585.27,3653.14,3519.75,3613.26,311367
2021-09-30,3586.99,3685.36,3586.99,3624.37,331906
2021-10-08,3643.29,3883.81,3596.38,3762.45,416279
2021-10-11,3781.53,3872.08,3719.76,3755.89,261466
2021-10-12,3743.38,3790.29,3680.98,3779.97,203424
2021-10-13,3764.8,4018.61,3746.5,3938.7,347774
2021-10-14,3915.4,4019.86,3886.62,3946.67,240590
2021-10-15,3880.99,3913.52,3790.45,3857.85,302158
2021-10-18,3711.32,3711.32,3516.62,3560.72,522287
2021-10-19,3524.44,3647.67,3524.44,3617.8,271520
2021-10-20,3641.73,3668.31,3585.12,3632.97,171712
2021-10-21,3649.55,3680.04,3618.27,3649.39,157814
2021-10-22,3676.13,3773.4,3649.7,3712.57,226149
2021-10-25,3680.82,3710.38,3602.63,3639.54,248160
2021-10-26,3639.54,3680.82,3602.63,3644.23,171975
2021-10-27,3618.43,3644.23,3540.08,3571.35,200485
2021-10-28,3586.99,3633.59,3536.64,3560.25,219253
2021-10-29,3559.94,3657.83,3556.97,3579.33,236335
2021-11-01,3321.14,3470.02,3272.66,3398.39,580037
2021-11-02,3383.38,3413.41,3315.67,3341.78,349334
2021-11-03,3344.91,3360.24,3300.5,3307.54,218920
2021-11-04,3338.19,3444.06,3325.83,3427.79,298642
2021-11-05,3427.79,3551.02,3427.64,3482.37,301430
2021-11-08,3477.52,3515.21,3442.49,3493.01,156374
2021-11-09,3472.52,3519.44,3439.21,3458.29,155039
2021-11-10,3458.29,3475.65,3371.18,3410.28,172003
2021-11-11,3409.65,3430.61,3377.13,3422.95,166521
2021-11-12,3436.4,3441.09,3369.78,3381.35,157885
2021-11-15,3399.18,3438.43,3369.78,3394.64,207245
2021-11-16,3413.25,3531.48,3401.05,3508.8,314357
2021-11-17,3493.94,3524.44,3461.89,3501.14,174215
2021-11-18,3477.37,3492.85,3439.21,3455.94,132203
2021-11-19,3444.37,3579.17,3436.86,3518.18,242930
2021-11-22,3540.08,3665.18,3524.44,3570.89,319783
2021-11-23,3555.56,3610.45,3530.07,3552.59,193866
2021-11-24,3602.63,3758.7,3602.63,3703.03,476278
2021-11-25,3759.01,3777.0,3667.84,3680.04,284628
2021-11-26,3678.63,3689.89,3619.52,3678.63,162473
2021-11-29,3641.73,3712.1,3637.82,3707.88,192364
2021-11-30,3711.79,3719.92,3602.63,3602.63,230146
2021-12-01,3681.14,3709.6,3604.35,3642.66,192486
2021-12-02,3643.29,3694.9,3623.12,3676.91,175310
2021-12-03,3688.64,3834.08,3685.51,3781.69,340300
2021-12-06,3805.93,3868.48,3774.65,3826.26,288787
2021-12-07,3868.48,3941.2,3839.55,3852.84,308904
2021-12-08,3853.0,4017.2,3810.31,4009.23,397869
2021-12-09,4024.87,4180.62,3988.58,4118.7,472970
2021-12-10,4083.04,4117.13,4017.05,4056.14,332275
2021-12-13,4134.33,4215.81,4087.42,4102.74,355350
2021-12-14,4087.42,4149.97,4043.79,4103.06,225574
2021-12-15,4073.34,4086.01,3993.59,4006.1,263568
2021-12-16,4013.92,4026.43,3900.54,4001.41,289712
2021-12-17,3977.95,3977.95,3866.29,3870.98,254835
2021-12-20,3870.98,3938.39,3870.98,3884.12,188827
2021-12-21,3884.12,3907.58,3774.65,3816.09,234542
2021-12-22,3829.39,3845.02,3797.95,3823.44,151998
2021-12-23,3842.37,3938.23,3774.65,3899.92,282051
2021-12-24,3901.48,4029.71,3901.48,3977.01,289429
2021-12-27,3929.47,3938.85,3837.21,3887.4,184054
2021-12-28,3888.81,3940.11,3876.3,3908.83,143682
2021-12-29,3908.83,3908.83,3698.02,3723.05,349759
2021-12-30,3713.19,3751.19,3688.8,3719.92,264769
2021-12-31,3720.07,3724.61,3643.45,3675.51,240437
2022-01-04,3675.51,3694.58,3603.88,3689.58,201787
2022-01-05,3678.01,3747.75,3650.01,3692.55,205622
2022-01-06,3685.83,3727.74,3604.82,3625.78,197643
2022-01-07,3625.62,3641.73,3579.49,3597.31,168682
2022-01-10,3567.29,3596.84,3479.4,3555.09,208423
2022-01-11,3547.9,3576.83,3525.22,3530.07,131623
2022-01-12,3555.87,3604.04,3543.52,3601.38,178943
2022-01-13,3618.27,3618.89,3446.25,3460.32,267623
2022-01-14,3430.77,3482.84,3422.79,3433.74,136468
2022-01-17,3427.17,3461.89,3375.88,3459.38,169362
2022-01-18,3458.76,3539.76,3419.82,3500.83,184749
2022-01-19,3545.24,3545.24,3450.63,3490.04,144019
2022-01-20,3490.04,3540.08,3451.72,3527.88,194686
2022-01-21,3524.44,3613.89,3496.6,3591.06,239747
2022-01-24,3571.35,3601.54,3527.57,3556.81,138009
2022-01-25,3533.04,3555.72,3446.25,3451.88,155582
2022-01-26,3447.81,3505.05,3356.01,3415.75,215095
2022-01-27,3430.61,3497.23,3370.71,3374.31,209923
2022-01-28,3383.54,3404.02,3289.86,3295.81,257815
2022-02-07,3321.14,3365.87,3237.95,3252.65,248080
2022-02-08,3253.11,3263.75,3085.0,3164.76,304517
2022-02-09,3149.12,3263.28,3149.12,3258.28,237421
2022-02-10,3258.28,3266.41,3182.12,3212.3,168743
2022-02-11,3203.85,3299.72,3185.87,3231.53,273749
2022-02-14,3196.03,3308.63,3188.22,3290.02,190316
2022-02-15,3302.38,3326.77,3271.1,3318.01,177390
2022-02-16,3318.33,3330.99,3289.24,3311.91,119085
2022-02-17,3319.26,3323.64,3271.41,3281.11,130546
2022-02-18,3274.23,3311.45,3249.99,3305.5,116144
2022-02-21,3316.61,3383.07,3286.74,3308.63,151926
2022-02-22,3286.89,3288.77,3193.69,3217.93,193677
2022-02-23,3215.9,3267.66,3196.5,3261.72,147973
2022-02-24,3227.31,3242.95,3122.53,3144.27,259610
2022-02-25,3164.6,3211.2,3164.6,3172.26,136664
2022-02-28,3180.4,3188.22,3117.84,3164.76,143093
2022-03-01,3166.32,3225.59,3165.7,3214.64,200285
2022-03-02,3185.09,3186.81,3139.74,3152.25,150165
2022-03-03,3161.16,3167.89,3039.65,3040.75,312889
2022-03-04,3008.06,3030.11,2943.95,2951.61,312930
2022-03-07,2918.45,2918.45,2777.71,2789.44,477389
2022-03-08,2851.84,2875.45,2778.02,2793.35,333507
2022-03-09,2805.08,2816.49,2645.57,2740.65,399219
2022-03-10,2820.56,2887.02,2789.28,2885.61,417740
2022-03-11,2836.35,2891.87,2808.67,2879.67,257971
2022-03-14,2836.2,2845.58,2793.66,2793.66,181403
2022-03-15,2742.52,2770.36,2644.0,2651.04,312945
2022-03-16,2742.52,2782.4,2619.61,2770.67,349000
2022-03-17,2828.53,2881.08,2789.44,2824.47,348292
2022-03-18,2805.08,2837.6,2773.8,2819.15,185857
2022-03-21,2848.08,2848.55,2773.96,2784.9,171054
2022-03-22,2784.75,2809.77,2758.16,2762.85,122905
2022-03-23,2763.17,2809.61,2738.46,2788.5,184639
2022-03-24,2764.42,2764.42,2706.24,2716.88,198086
2022-03-25,2751.12,2751.59,2643.69,2651.67,213641
2022-03-28,2606.47,2606.47,2547.04,2557.99,274466
2022-03-29,2554.71,2598.18,2525.31,2526.4,235211
2022-03-30,2585.67,2647.91,2557.37,2647.91,323673
2022-03-31,2633.06,2642.44,2609.6,2618.36,201366
2022-04-01,2617.42,2730.48,2608.82,2694.04,287495
2022-04-06,2664.33,2730.95,2656.51,2695.77,179443
2022-04-07,2679.97,2756.44,2672.62,2702.65,185572
2022-04-08,2711.25,2738.93,2687.79,2704.84,165446
2022-04-11,2664.49,2674.97,2583.79,2596.46,242577
2022-04-12,2605.84,2768.95,2605.84,2756.29,334164
2022-04-13,2739.4,2773.8,2705.46,2731.89,238855
2022-04-14,2756.6,2898.91,2741.43,2876.54,431191
2022-04-15,2851.99,2914.55,2830.1,2850.43,226440
2022-04-18,2834.79,2834.79,2761.45,2807.89,184111
2022-04-19,2820.72,2851.99,2758.79,2773.8,164993
2022-04-20,2781.46,2836.35,2721.26,2787.87,206341
2022-04-21,2758.16,2797.73,2721.88,2735.96,171229
2022-04-22,2735.8,2792.25,2679.66,2780.52,200144
2022-04-25,2726.89,2736.58,2609.6,2617.42,286351
2022-04-26,2617.42,2723.91,2610.22,2672.15,254539
2022-04-27,2672.15,2748.94,2672.15,2717.35,239278
2022-04-28,2717.5,2799.76,2704.21,2787.09,257120
2022-04-29,2794.13,2809.77,2677.78,2728.92,448743
2022-05-05,2695.61,2765.36,2682.32,2719.69,244802
2022-05-06,2664.8,2690.29,2641.03,2649.63,190861
2022-05-09,2617.57,2640.87,2575.66,2613.98,186236
2022-05-10,2554.86,2640.87,2532.97,2622.58,201080
2022-05-11,2622.58,2690.14,2617.42,2656.67,243902
2022-05-12,2636.18,2690.6,2634.62,2665.58,170686
2022-05-13,2689.35,2693.58,2633.84,2647.76,152556
2022-05-16,2679.5,2679.66,2604.91,2620.23,177651
2022-05-17,2620.08,2640.72,2611.79,2635.4,133412
2022-05-18,2638.53,2640.72,2593.18,2610.85,165605
2022-05-19,2584.11,2595.52,2573.94,2594.27,148783
2022-05-20,2606.47,2742.21,2596.93,2734.24,452297
2022-05-23,2720.79,2729.7,2664.33,2686.69,276453
2022-05-24,2702.33,2711.25,2637.43,2641.97,188552
2022-05-25,2640.09,2673.09,2617.42,2655.73,163957
2022-05-26,2648.69,2690.92,2617.42,2652.13,194318
2022-05-27,2690.14,2719.07,2653.23,2663.55,210683
2022-05-30,2695.77,2816.81,2695.61,2792.25,510932
2022-05-31,2789.44,2896.09,2774.11,2873.89,486545
2022-06-01,2898.75,2903.6,2836.82,2858.4,219302
2022-06-02,2836.82,2867.63,2831.35,2848.08,165224
2022-06-06,2859.81,2906.57,2798.51,2897.97,278142
2022-06-07,2900.47,2983.35,2883.27,2916.42,295077
2022-06-08,2919.24,3008.22,2899.22,2979.13,325279
2022-06-09,2982.73,3006.81,2942.54,2945.98,207839
2022-06-10,2930.65,2984.92,2906.73,2968.03,215630
2022-06-13,2933.15,2952.08,2869.19,2891.24,264346
2022-06-14,2855.12,2914.55,2846.52,2911.42,197333
2022-06-15,2911.73,3006.81,2879.98,2965.84,325441
2022-06-16,2977.1,3024.01,2961.46,2970.84,205006
2022-06-17,2953.64,3026.83,2953.64,3026.83,286204
2022-06-20,3051.54,3117.84,2992.74,3062.95,311954
2022-06-21,3049.97,3094.39,3015.41,3034.33,218116
2022-06-22,3039.65,3053.41,2973.19,2978.19,223528
2022-06-23,2978.66,3022.45,2973.81,3014.63,159725
2022-06-24,3031.83,3094.54,3006.97,3086.57,245187
2022-06-27,3117.84,3253.58,3117.84,3211.67,366375
2022-06-28,3211.67,3319.11,3183.52,3315.67,316786
2022-06-29,3321.34,3323.69,3219.85,3243.31,289971
2022-06-30,3246.12,3446.61,3246.12,3398.6,425215
2022-07-01,3400.94,3446.61,3337.14,3415.33,219366
2022-07-04,3383.9,3412.2,3340.27,3384.68,225876
2022-07-05,3394.22,3410.01,3309.93,3346.68,262965
2022-07-06,3339.02,3362.47,3264.42,3286.16,227633
2022-07-07,3286.16,3286.16,3188.11,3236.9,266771
2022-07-08,3264.42,3287.1,3227.05,3254.26,164097
2022-07-11,3212.35,3224.54,3149.48,3202.34,192575
2022-07-12,3192.95,3254.88,3173.56,3212.03,169935
2022-07-13,3205.31,3286.78,3174.66,3260.51,189919
2022-07-14,3230.33,3267.71,3197.18,3214.07,151079
2022-07-15,3214.38,3298.2,3180.76,3210.47,207209
2022-07-18,3206.25,3208.91,3121.33,3170.28,178034
2022-07-19,3165.12,3206.56,3157.3,3194.83,120214
2022-07-20,3224.54,3235.49,3180.76,3198.11,112498
2022-07-21,3196.24,3210.47,3158.55,3160.43,110728
2022-07-22,3172.94,3188.58,3133.84,3148.07,116986
2022-07-25,3162.77,3188.58,3129.93,3182.01,124799
2022-07-26,3194.21,3243.31,3191.39,3227.51,137474
2022-07-27,3212.81,3227.83,3173.88,3182.32,97491
2022-07-28,3187.79,3219.85,3162.77,3166.99,92609
2022-07-29,3157.14,3157.14,3021.25,3030.63,340311
2022-08-01,3032.19,3055.49,3005.92,3033.44,156082
2022-08-02,3007.17,3034.69,2947.43,2987.78,176738
2022-08-03,2991.22,3047.83,2966.51,2971.05,154031
2022-08-04,2971.2,3016.4,2968.86,3005.29,133686
2022-08-05,3015.77,3047.83,2996.38,3042.83,127017
2022-08-08,3029.06,3079.58,3016.55,3022.97,130251
2022-08-09,3009.52,3024.37,2996.54,3008.42,85386
2022-08-10,2986.53,3016.55,2946.18,2961.82,143549
2022-08-11,2977.3,3022.97,2970.42,3022.97,139671
2022-08-12,3029.06,3050.33,3004.2,3035.32,108619
2022-08-15,3018.59,3049.39,2988.4,2993.1,138440
2022-08-16,2992.63,3013.43,2972.77,2981.05,109975
2022-08-17,2982.31,3008.27,2962.13,2996.22,122116
2022-08-18,2977.46,2980.59,2930.7,2952.91,179552
2022-08-19,2938.36,2979.8,2930.54,2956.5,126038
2022-08-22,2935.23,2953.22,2903.33,2922.72,155130
2022-08-23,2925.85,2935.08,2860.17,2867.99,229248
2022-08-24,2867.36,2891.45,2836.71,2856.1,180255
2022-08-25,2866.27,2898.95,2855.95,2890.04,174854
2022-08-26,2928.67,2958.69,2892.39,2900.83,243787
2022-08-29,2859.23,2892.23,2821.07,2826.55,254306
2022-08-30,2805.44,2817.32,2777.13,2805.91,186433
2022-08-31,2788.23,2867.68,2781.98,2855.32,267333
2022-09-01,2836.71,2836.71,2794.49,2798.56,158442
2022-09-02,2813.1,2813.1,2758.68,2771.66,155924
2022-09-05,2742.88,2748.36,2697.06,2727.56,224320
2022-09-06,2727.56,2764.0,2715.83,2751.17,146938
2022-09-07,2742.88,2743.04,2711.61,2726.31,141508
2022-09-08,2743.04,2764.0,2725.37,2728.34,148672
2022-09-09,2728.97,2768.69,2717.24,2765.72,203188
2022-09-13,2803.56,2820.61,2769.47,2799.65,224554
2022-09-14,2774.16,2793.4,2758.21,2780.42,143438
2022-09-15,2784.64,2844.53,2775.72,2811.69,244932
2022-09-16,2805.44,2817.79,2755.08,2759.77,178052
2022-09-19,2754.61,2823.11,2735.38,2790.11,172371
2022-09-20,2805.44,2836.09,2776.82,2833.43,184881
2022-09-21,2824.05,2833.12,2794.49,2796.84,127648
2022-09-22,2774.16,2778.7,2720.21,2725.68,182114
2022-09-23,2711.61,2752.58,2710.04,2729.28,120259
2022-09-26,2711.61,2805.28,2708.01,2775.88,210416
2022-09-27,2804.34,2921.16,2774.0,2912.25,354440
2022-09-28,2907.87,2938.99,2891.45,2893.01,244311
2022-09-29,2938.21,2938.67,2860.95,2875.97,175647
2022-09-30,2897.55,2930.54,2881.44,2887.22,167010
2022-10-10,2891.45,2900.83,2722.4,2725.68,256509
2022-10-11,2725.84,2743.04,2663.13,2720.83,163898
2022-10-12,2716.3,2716.3,2617.78,2689.71,242385
2022-10-13,2664.54,2675.33,2625.75,2642.33,191401
2022-10-14,2658.12,2747.57,2657.97,2729.12,228723
2022-10-17,2706.6,2719.43,2669.23,2706.13,146701
2022-10-18,2722.24,2758.21,2711.92,2722.55,139689
2022-10-19,2719.58,2719.58,2649.05,2656.87,173929
2022-10-20,2625.6,2692.84,2617.78,2651.4,161200
2022-10-21,2649.05,2651.09,2609.96,2620.12,163210
2022-10-24,2586.66,2592.91,2465.3,2480.63,344039
2022-10-25,2441.85,2512.53,2438.09,2463.27,209630
2022-10-26,2475.47,2522.38,2461.39,2483.29,179593
2022-10-27,2508.0,2509.4,2376.63,2384.77,369655
2022-10-28,2391.96,2429.65,2370.22,2391.02,255862
2022-10-31,2355.05,2373.82,2310.17,2328.47,225917
2022-11-01,2360.53,2470.46,2327.06,2470.46,391551
2022-11-02,2461.39,2529.89,2431.06,2486.73,318674
2022-11-03,2445.91,2453.57,2425.58,2444.5,192819
2022-11-04,2437.94,2617.78,2435.59,2586.5,478983
2022-11-07,2570.86,2628.72,2550.22,2604.33,228691
2022-11-08,2602.29,2622.0,2525.67,2547.25,235678
2022-11-09,2542.71,2571.64,2509.56,2514.56,151242
2022-11-10,2500.33,2532.7,2488.14,2520.19,176748
2022-11-11,2609.8,2609.96,2532.39,2586.81,368534
2022-11-14,2602.14,2671.1,2584.94,2591.19,281953
2022-11-15,2591.19,2664.69,2561.79,2651.4,276567
2022-11-16,2651.4,2688.15,2634.67,2652.34,182594
2022-11-17,2641.23,2677.05,2602.14,2627.16,165581
2022-11-18,2633.42,2669.38,2628.88,2642.95,145856
2022-11-21,2594.32,2601.67,2555.22,2569.77,217625
2022-11-22,2569.61,2631.85,2567.89,2590.1,143770
2022-11-23,2590.1,2609.96,2569.3,2582.9,113462
2022-11-24,2602.14,2609.8,2539.59,2552.25,150858
2022-11-25,2554.13,2569.77,2530.2,2545.53,106766
2022-11-28,2505.65,2555.38,2462.18,2549.75,190131
2022-11-29,2585.25,2667.04,2584.94,2665.47,410407
2022-11-30,2661.56,2742.41,2649.05,2693.78,252286
2022-12-01,2821.07,2899.11,2803.25,2814.66,440921
2022-12-02,2817.95,2850.47,2778.23,2790.74,210478
2022-12-05,2881.75,2898.95,2831.71,2875.97,297958
2022-12-06,2867.52,3027.81,2853.92,2983.71,433695
2022-12-07,2983.87,3021.25,2946.34,2956.82,311288
2022-12-08,2946.18,2986.06,2930.7,2973.7,156448
2022-12-09,2971.67,3109.91,2963.7,3106.79,419578
2022-12-12,3086.93,3108.51,3022.97,3029.85,299060
2022-12-13,3024.37,3069.72,2993.41,3047.36,192762
2022-12-14,3047.05,3138.06,3030.0,3119.45,286989
2022-12-15,3121.33,3146.35,3067.69,3086.3,199344
2022-12-16,3059.09,3103.82,3034.69,3095.06,186426
2022-12-19,3110.38,3129.31,3040.01,3054.87,194184
2022-12-20,3054.71,3063.47,2897.39,2938.52,343458
2022-12-21,2977.46,2987.94,2954.78,2969.48,153853
2022-12-22,2993.57,3079.89,2972.3,3047.83,244424
2022-12-23,3008.73,3102.56,2999.35,3060.18,198620
2022-12-26,3060.18,3074.42,3017.49,3033.76,178298
2022-12-27,3055.65,3094.75,3042.36,3072.07,152275
2022-12-28,3071.13,3071.13,3022.5,3058.46,139378
2022-12-29,3040.01,3055.65,3004.67,3036.1,168505
2022-12-30,3052.21,3074.26,3040.01,3066.44,149765
2023-01-03,3071.29,3083.95,3001.07,3027.5,182062
2023-01-04,3024.37,3063.47,2997.79,3034.07,128836
2023-01-05,3079.11,3204.37,3061.9,3196.39,402791
2023-01-06,3229.39,3229.39,3177.32,3219.23,233383
2023-01-09,3250.35,3319.78,3214.53,3303.99,275573
2023-01-10,3302.73,3316.97,3284.13,3293.98,202752
2023-01-11,3290.85,3305.71,3252.69,3276.15,169995
2023-01-12,3290.22,3302.27,3243.47,3265.05,138227
2023-01-13,3265.05,3359.19,3264.26,3346.21,245064
2023-01-16,3368.42,3513.38,3368.42,3470.38,363525
2023-01-17,3477.88,3490.08,3393.59,3413.14,215079
2023-01-18,3445.51,3552.79,3435.97,3459.12,272412
2023-01-19,3469.28,3470.06,3405.17,3451.3,181199
2023-01-20,3491.8,3556.08,3479.45,3504.78,273480
2023-01-30,3659.13,3679.46,3591.73,3643.65,321809
2023-01-31,3634.11,3646.31,3507.6,3509.16,257247
2023-02-01,3501.34,3534.18,3427.22,3525.74,256552
2023-02-02,3551.23,3595.17,3527.14,3564.05,183272
2023-02-03,3524.8,3556.08,3462.25,3524.8,199352
2023-02-06,3361.07,3439.26,3325.88,3395.0,334075
2023-02-07,3395.0,3451.3,3391.87,3417.99,158116
2023-02-08,3417.99,3430.97,3340.58,3361.38,169057
2023-02-09,3363.1,3489.46,3361.38,3483.98,244940
2023-02-10,3483.98,3485.39,3417.21,3441.92,140321
2023-02-13,3415.33,3601.43,3415.17,3562.33,289088
2023-02-14,3562.33,3583.44,3502.91,3512.91,184902
2023-02-15,3549.66,3585.63,3516.98,3540.44,169258
2023-02-16,3514.63,3597.99,3490.39,3537.15,213380
2023-02-17,3516.2,3594.39,3493.52,3495.87,184468
2023-02-20,3496.65,3584.22,3454.43,3570.93,191668
2023-02-21,3563.89,3565.77,3501.34,3526.05,139396
2023-02-22,3500.56,3533.24,3470.06,3485.7,141005
2023-02-23,3470.06,3496.96,3426.28,3448.17,145808
2023-02-24,3447.7,3447.7,3365.6,3385.62,203957
2023-02-27,3353.72,3465.84,3350.28,3443.64,172996
2023-02-28,3477.88,3494.46,3400.94,3437.54,114801
2023-03-01,3433.63,3506.81,3413.77,3483.83,154466
2023-03-02,3463.81,3487.42,3452.24,3466.0,74477
2023-03-03,3493.52,3516.35,3423.15,3458.49,92837
2023-03-06,3446.76,3470.06,3408.76,3440.04,111402
2023-03-07,3436.44,3436.44,3370.14,3375.45,125272
2023-03-08,3352.78,3391.87,3337.14,3357.47,102191
2023-03-09,3352.78,3363.72,3273.02,3337.14,168505
2023-03-10,3309.15,3361.85,3292.88,3293.98,110957
2023-03-13,3290.22,3372.79,3290.22,3346.52,126472
2023-03-14,3348.09,3348.4,3269.89,3294.6,102843
2023-03-15,3337.14,3357.94,3248.0,3248.31,129880
2023-03-16,3227.67,3277.71,3201.56,3230.8,120544
2023-03-17,3272.24,3278.34,3180.76,3188.58,156070
2023-03-20,3212.03,3221.26,3133.84,3147.92,154643
2023-03-21,3171.37,3260.67,3137.28,3247.06,187893
2023-03-22,3247.22,3307.11,3234.24,3239.71,108532
2023-03-23,3226.11,3305.71,3212.97,3283.66,132842
2023-03-24,3274.59,3305.08,3235.49,3259.26,102530
2023-03-27,3255.98,3256.45,3196.39,3218.44,118799
2023-03-28,3218.13,3273.18,3215.32,3251.13,109186
2023-03-29,3274.59,3305.86,3237.05,3294.6,159539
2023-03-30,3294.6,3352.15,3277.4,3343.24,151487
2023-03-31,3384.05,3399.69,3321.5,3321.5,127590
2023-04-03,3321.19,3321.5,3260.2,3293.2,133660
2023-04-04,3298.04,3316.18,3258.17,3308.21,142473
2023-04-06,3290.22,3290.22,3197.49,3220.48,151075
2023-04-07,3208.91,3240.65,3173.56,3197.33,113038
2023-04-10,3133.84,3134.15,3027.5,3128.37,339732
2023-04-11,3117.73,3120.55,3055.81,3063.94,191194
2023-04-12,3071.29,3073.01,2986.06,2990.28,272834
2023-04-13,2993.1,3054.09,2986.06,3022.5,210802
2023-04-14,3027.81,3032.19,2977.93,2986.68,144653
2023-04-17,3005.45,3054.4,3000.76,3027.19,185553
2023-04-18,3040.01,3058.31,3017.8,3029.38,144067
2023-04-19,3034.85,3039.39,2985.28,2997.63,126172
2023-04-20,2998.41,3008.42,2938.36,2954.0,148009
2023-04-21,2961.82,2982.15,2927.42,2930.54,120920
2023-04-24,2932.11,2944.62,2860.17,2867.99,176091
2023-04-25,2867.99,2897.39,2831.24,2896.14,154897
2023-04-26,2885.19,2917.72,2861.42,2877.53,148127
2023-04-27,2877.37,2903.96,2842.97,2886.29,150393
2023-04-28,2918.97,2929.76,2866.11,2883.63,179386
2023-05-04,2938.36,2945.4,2859.39,2882.85,265878
2023-05-05,2882.85,2963.38,2871.9,2957.28,251727
2023-05-08,2969.64,2985.28,2911.62,2921.16,177534
2023-05-09,2912.25,3016.55,2899.27,2973.86,222923
2023-05-10,2943.05,2969.64,2924.13,2951.19,118910
2023-05-11,2961.51,3000.76,2933.83,2939.46,122896
2023-05-12,2933.67,2969.64,2889.26,2889.41,129592
2023-05-15,2871.9,2938.21,2868.46,2937.42,130800
2023-05-16,2935.23,2936.17,2896.14,2906.93,99365
2023-05-17,2899.27,2913.34,2879.72,2888.95,86022
2023-05-18,2891.29,2910.37,2867.99,2878.31,87804
2023-05-19,2869.4,2918.97,2848.44,2911.78,120746
2023-05-22,2913.18,3040.95,2884.88,3018.27,302445
2023-05-23,3021.25,3032.19,2961.82,2961.82,136724
2023-05-24,2954.31,2961.51,2904.74,2904.74,133551
2023-05-25,2890.2,2894.26,2859.39,2871.12,143925
2023-05-26,2871.12,2928.82,2867.99,2900.83,122875
2023-05-29,2913.97,2928.2,2861.42,2872.06,129769
2023-05-30,2867.99,2890.67,2797.62,2823.73,183603
2023-05-31,2821.07,2823.11,2743.2,2761.34,213448
2023-06-01,2781.82,2846.1,2761.65,2794.8,169016
2023-06-02,2821.07,2874.25,2794.96,2866.43,192084
2023-06-05,2856.73,2862.99,2815.29,2824.2,113447
2023-06-06,2841.4,2874.71,2813.72,2830.77,135368
2023-06-07,2839.06,2853.13,2805.44,2805.44,95326
2023-06-08,2808.72,2837.81,2790.11,2818.26,91573
2023-06-09,2820.14,2836.4,2802.31,2814.66,119635
2023-06-12,2805.75,2930.54,2788.86,2905.68,241838
2023-06-13,2899.27,2960.26,2890.04,2947.43,182936
2023-06-14,2974.33,3045.48,2940.86,3019.37,241015
2023-06-15,3043.3,3099.75,3024.37,3086.93,240450
2023-06-16,3096.31,3143.22,3079.11,3119.45,216314
2023-06-19,3102.56,3113.67,3000.92,3017.18,242342
2023-06-20,3008.73,3030.63,2955.56,2961.98,178689
2023-06-21,2961.66,2975.74,2918.03,2921.16,139485
2023-06-26,2891.45,2897.55,2821.07,2847.03,219340
2023-06-27,2867.24,2903.68,2836.43,2897.73,200679
2023-06-28,2883.82,2936.52,2870.52,2906.33,119426
2023-06-29,2895.86,2903.68,2853.16,2861.61,117724
2023-06-30,2875.53,2881.78,2845.81,2857.86,103371
2023-07-03,2853.16,2919.16,2846.6,2917.13,173373
2023-07-04,2911.5,2934.95,2888.82,2930.57,125957
2023-07-05,2919.63,2920.88,2880.22,2886.16,115416
2023-07-06,2884.91,2908.52,2862.23,2869.27,101450
2023-07-07,2867.55,2880.22,2853.95,2859.26,78970
2023-07-10,2879.91,2903.68,2867.86,2873.96,96715
2023-07-11,2887.26,2892.1,2862.7,2882.41,70206
2023-07-12,2883.35,2906.18,2880.22,2887.41,118840
2023-07-13,2925.26,3005.33,2906.02,2999.85,323514
2023-07-14,3014.71,3026.12,2970.76,2989.53,150723
2023-07-17,2966.23,2973.74,2929.64,2953.09,93257
2023-07-18,2953.72,2962.01,2927.13,2933.39,81959
2023-07-19,2924.32,2939.02,2908.52,2932.14,76856
2023-07-20,2942.77,2978.43,2928.38,2935.89,127502
2023-07-21,2956.53,3020.96,2925.26,2978.27,195387
2023-07-24,2944.81,2958.41,2925.57,2948.4,131716
2023-07-25,3052.24,3125.27,3039.26,3106.97,440632
2023-07-26,3106.97,3125.43,3065.53,3080.39,174025
2023-07-27,3098.69,3128.09,3065.53,3090.71,187987
2023-07-28,3072.57,3148.57,3062.09,3133.25,319693
2023-07-31,3218.01,3248.81,3130.12,3130.43,315594
2023-08-01,3141.22,3179.69,3091.34,3112.92,195718
2023-08-02,3099.16,3130.28,3071.01,3083.2,155080
2023-08-03,3068.5,3114.17,3038.64,3092.9,152646
2023-08-04,3136.53,3153.89,3094.46,3103.53,143478
2023-08-07,3088.21,3103.53,3058.5,3072.73,156930
2023-08-08,3055.06,3084.46,3039.42,3066.0,116143
2023-08-09,3075.07,3081.64,3053.8,3070.69,86796
2023-08-10,3066.0,3067.88,3031.29,3057.09,104238
2023-08-11,3075.07,3076.48,2993.91,2995.32,148886
2023-08-14,2958.41,2963.57,2895.86,2936.83,210945
2023-08-15,2936.67,2941.21,2891.01,2903.68,168145
2023-08-16,2900.24,2917.75,2883.35,2906.8,116277
2023-08-17,2894.29,2936.67,2872.4,2934.01,166932
2023-08-18,2933.7,2937.77,2856.76,2857.23,279480
2023-08-21,2836.12,2870.21,2823.61,2832.83,164507
2023-08-22,2843.0,2856.76,2809.53,2835.65,156921
2023-08-23,2834.09,2835.49,2802.03,2802.18,146839
2023-08-24,2803.28,2856.76,2789.67,2837.37,175895
2023-08-25,2817.98,2845.35,2810.63,2826.27,116302
2023-08-28,2927.29,2942.62,2755.27,2762.78,545771
2023-08-29,2739.47,2803.59,2729.0,2792.64,238732
2023-08-30,2792.64,2803.9,2764.5,2767.94,225987
2023-08-31,2767.94,2768.09,2736.82,2738.07,220018
2023-09-01,2755.11,2801.4,2755.11,2797.96,232387
2023-09-04,2827.05,2927.13,2827.05,2926.04,464965
2023-09-05,2924.01,2930.73,2883.97,2891.48,190550
2023-09-06,2881.16,2902.89,2864.58,2891.01,130493
2023-09-07,2880.22,2882.88,2847.38,2850.51,118861
2023-09-08,2837.37,2844.25,2809.85,2832.05,104972
2023-09-11,2817.67,2885.07,2804.37,2870.05,160683
2023-09-12,2855.2,2865.52,2842.84,2848.63,89428
2023-09-13,2864.58,2886.32,2840.34,2859.11,131147
2023-09-14,2859.11,2868.18,2818.13,2833.3,130473
2023-09-15,2834.4,2849.57,2791.08,2797.49,177555
2023-09-18,2786.39,2849.1,2770.91,2845.81,162983
2023-09-19,2833.46,2836.43,2794.21,2816.26,113674
2023-09-20,2805.16,2817.67,2797.34,2799.53,87124
2023-09-21,2786.39,2794.21,2763.24,2765.43,129455
2023-09-22,2755.11,2806.88,2750.42,2800.78,154320
2023-09-25,2798.27,2800.15,2780.13,2784.83,105365
2023-09-26,2784.51,2793.74,2749.64,2749.64,125016
2023-09-27,2749.8,2780.92,2739.47,2748.7,132812
2023-09-28,2748.7,2761.06,2734.47,2741.04,123857
2023-10-09,2740.88,2740.88,2673.79,2712.42,153573
2023-10-10,2731.5,2748.54,2693.5,2698.97,127175
2023-10-11,2717.11,2727.43,2698.19,2703.51,99122
2023-10-12,2727.75,2739.47,2711.48,2735.25,137972
2023-10-13,2716.02,2716.02,2677.08,2702.41,142934
2023-10-16,2693.81,2698.81,2641.11,2647.83,152366
2023-10-17,2647.83,2665.04,2623.13,2652.06,107202
2023-10-18,2645.33,2666.29,2632.82,2633.76,101105
2023-10-19,2614.37,2614.37,2551.19,2555.72,217385
2023-10-20,2536.18,2582.0,2529.45,2547.12,133164
2023-10-23,2546.18,2580.12,2526.79,2547.9,120292
2023-10-24,2548.06,2567.3,2515.85,2552.6,167074
2023-10-25,2597.95,2661.28,2597.95,2635.32,254422
2023-10-26,2614.37,2664.41,2611.24,2662.06,146177
2023-10-27,2654.56,2701.16,2648.15,2692.4,170654
2023-10-30,2738.69,2776.38,2723.84,2748.86,274030
2023-10-31,2762.93,2765.28,2724.15,2739.47,144979
2023-11-01,2895.86,2915.87,2802.03,2802.03,469346
2023-11-02,2803.28,2817.04,2766.53,2769.19,165132
2023-11-03,2769.19,2802.03,2765.43,2796.87,138144
2023-11-06,2812.51,2815.63,2778.57,2799.53,137512
2023-11-07,2791.08,2800.46,2770.75,2791.24,107304
2023-11-08,2778.57,2798.59,2764.03,2780.6,126463
2023-11-09,2770.75,2794.21,2770.75,2779.35,91989
2023-11-10,2762.93,2775.13,2747.29,2753.55,89631
2023-11-13,2753.39,2757.77,2709.14,2721.96,125575
2023-11-14,2737.6,2769.03,2723.84,2737.91,112992
2023-11-15,2767.78,2772.94,2750.42,2759.02,101757
2023-11-16,2755.11,2766.06,2741.51,2745.26,70364
2023-11-17,2731.65,2746.98,2713.83,2723.84,84521
2023-11-20,2723.68,2738.54,2701.94,2714.45,114859
2023-11-21,2723.84,2749.48,2696.47,2728.53,166977
2023-11-22,2711.33,2722.58,2700.53,2700.53,86913
2023-11-23,2692.56,2699.6,2674.58,2693.65,94576
2023-11-24,2691.0,2706.32,2681.77,2696.16,93095
2023-11-27,2689.28,2689.43,2628.29,2633.92,185270
2023-11-28,2634.54,2646.9,2608.89,2626.1,139103
2023-11-29,2623.44,2623.75,2597.17,2619.06,86485
2023-11-30,2617.03,2636.1,2614.52,2632.35,106833
2023-12-01,2630.01,2630.01,2583.25,2602.01,134304
2023-12-04,2590.75,2609.21,2576.68,2580.75,106956
2023-12-05,2575.27,2580.43,2524.29,2531.02,150411
2023-12-06,2529.92,2570.58,2515.22,2553.38,144742
2023-12-07,2553.38,2556.04,2512.72,2528.67,151071
2023-12-08,2528.67,2556.51,2523.98,2535.08,144759
2023-12-11,2483.01,2489.26,2435.47,2476.75,323121
2023-12-12,2457.98,2484.26,2453.76,2478.31,144023
2023-12-13,2467.37,2468.62,2388.86,2391.99,318646
2023-12-14,2411.07,2426.4,2374.32,2374.32,214418
2023-12-15,2390.27,2423.58,2376.67,2390.74,200133
2023-12-18,2364.94,2407.94,2362.12,2395.43,129300
2023-12-19,2395.27,2395.27,2372.91,2384.95,130160
2023-12-20,2393.09,2394.34,2365.72,2366.19,106300
2023-12-21,2362.28,2402.47,2356.02,2397.0,176648
2023-12-22,2396.37,2407.94,2373.07,2386.36,164023
2023-12-25,2384.8,2404.35,2379.01,2404.03,98621
2023-12-26,2404.03,2404.03,2389.33,2400.44,73678
2023-12-27,2400.44,2407.63,2380.26,2392.77,104309
2023-12-28,2392.77,2507.09,2388.39,2490.82,336109
2023-12-29,2489.26,2514.91,2478.16,2494.11,194541
